strain,accession,subtype,date,host,country,region,species,broad,order
A/Aichi/2/1968|1968-01-01,AB284320,H3N2,1968-01-01,Human,Japan,Japan Korea,Human,human,Human
A/Albany/1/1969|1969-01-01,CY019899,H3N2,1969-01-01,Human,Usa,North America,Human,human,Human
A/Albany/1/1970|1970-01-01,CY022938,H3N2,1970-01-01,Human,Usa,North America,Human,human,Human
A/Albany/1/1976|1976-01-01,CY021941,H3N2,1976-01-01,Human,Usa,North America,Human,human,Human
A/Albany/10/1968|1968-01-01,CY021845,H3N2,1968-01-01,Human,Usa,North America,Human,human,Human
A/Albany/11/1968|1968-01-01,CY019891,H3N2,1968-01-01,Human,Usa,North America,Human,human,Human
A/Albany/14/1978|1978-01-01,CY020221,H3N2,1978-01-01,Human,Usa,North America,Human,human,Human
A/Albany/15/1976|1976-01-01,CY021829,H3N2,1976-01-01,Human,Usa,North America,Human,human,Human
A/Albany/17/1968|1968-01-01,CY021109,H3N2,1968-01-01,Human,Usa,North America,Human,human,Human
A/Albany/19/1968|1968-01-01,CY019907,H3N2,1968-01-01,Human,Usa,North America,Human,human,Human
A/Albany/20/1974|1974-01-01,CY021093,H3N2,1974-01-01,Human,Usa,North America,Human,human,Human
A/Albany/3/1969|1969-01-01,CY019915,H3N2,1969-01-01,Human,Usa,North America,Human,human,Human
A/Albany/3/1970|1970-01-01,CY022946,H3N2,1970-01-01,Human,Usa,North America,Human,human,Human
A/Albany/4/1969|1969-01-01,CY021837,H3N2,1969-01-01,Human,Usa,North America,Human,human,Human
A/Albany/4/1977|1977-01-01,CY021101,H3N2,1977-01-01,Human,Usa,North America,Human,human,Human
A/Albany/42/1975|1975-01-01,CY021077,H3N2,1975-01-01,Human,Usa,North America,Human,human,Human
A/Albany/6/1968|1968-01-01,CY022085,H3N2,1968-01-01,Human,Usa,North America,Human,human,Human
A/Albany/6/1970|1970-01-01,CY021117,H3N2,1970-01-01,Human,Usa,North America,Human,human,Human
A/Alchi/2/1968|1968-01-01,KX879573,H3N2,1968-01-01,Human,Japan,Japan Korea,Human,human,Human
A/Amsterdam/1609/1977|1977-01-01,CY113229,H3N2,1977-01-01,Human,Netherlands,Europe,Human,human,Human
A/Auckland/10/1997|1997-08-01,CY114293,H3N2,1997-08-01,Human,New Zealand,Oceania,Human,human,Human
A/Auckland/604/2001|2001-09-28,CY023066,H3N2,2001-09-28,Human,New Zealand,Oceania,Human,human,Human
A/Australia/34/2009|2009-07-24,CY080555,H3N2,2009-07-24,Human,Australia,Oceania,Human,human,Human
A/Bangkok/1/1979|1979-01-01,CY121000,H3N2,1979-01-01,Human,Thailand,Southeast Asia,Human,human,Human
A/Beijing/1/1968|1968-01-01,CY008156,H3N2,1968-01-01,Human,China,China,Human,human,Human
A/Beijing/39/1975|1975-01-01,CY006044,H3N2,1975-01-01,Human,China,China,Human,human,Human
A/Belgium/8876/2019|2019-01-29,MK927682,H3N2,2019-01-29,Human,Belgium,Europe,Human,human,Human
A/Bilthoven/15793/1968|1968-01-01,CY112233,H3N2,1968-01-01,Human,Netherlands,Europe,Human,human,Human
A/Bilthoven/16190/1968|1968-01-01,KC296480,H3N2,1968-01-01,Human,Netherlands,Europe,Human,human,Human
A/Bilthoven/16398/1968|1968-01-01,CY112241,H3N2,1968-01-01,Human,Netherlands,Europe,Human,human,Human
A/Bilthoven/1761/1976|1976-01-01,CY077793,H3N2,1976-01-01,Human,Netherlands,Europe,Human,human,Human
A/Bilthoven/17938/1969|1969-01-01,CY113053,H3N2,1969-01-01,Human,Netherlands,Europe,Human,human,Human
A/Bilthoven/1843/1975|1975-01-01,CY113157,H3N2,1975-01-01,Human,Netherlands,Europe,Human,human,Human
A/Bilthoven/21438/1971|1971-01-01,CY113061,H3N2,1971-01-01,Human,Netherlands,Europe,Human,human,Human
A/Bilthoven/21793/1972|1972-01-01,CY077820,H3N2,1972-01-01,Human,Netherlands,Europe,Human,human,Human
A/Bilthoven/21801/1971|1971-01-01,CY113069,H3N2,1971-01-01,Human,Netherlands,Europe,Human,human,Human
A/Bilthoven/2271/1976|1976-01-01,KC296467,H3N2,1976-01-01,Human,Netherlands,Europe,Human,human,Human
A/Bilthoven/23290/1972|1972-01-01,CY113077,H3N2,1972-01-01,Human,Netherlands,Europe,Human,human,Human
A/Bilthoven/2600/1975|1975-01-01,CY113165,H3N2,1975-01-01,Human,Netherlands,Europe,Human,human,Human
A/Bilthoven/2668/1970|1970-01-01,CY112273,H3N2,1970-01-01,Human,Netherlands,Europe,Human,human,Human
A/Bilthoven/2813/1975|1975-01-01,CY113173,H3N2,1975-01-01,Human,Netherlands,Europe,Human,human,Human
A/Bilthoven/334/1975|1975-01-01,CY113149,H3N2,1975-01-01,Human,Netherlands,Europe,Human,human,Human
A/Bilthoven/3517/1973|1973-01-01,CY113101,H3N2,1973-01-01,Human,Netherlands,Europe,Human,human,Human
A/Bilthoven/3895/1977|1977-01-01,CY113237,H3N2,1977-01-01,Human,Netherlands,Europe,Human,human,Human
A/Bilthoven/4273/1975|1975-01-01,CY112337,H3N2,1975-01-01,Human,Netherlands,Europe,Human,human,Human
A/Bilthoven/5029/1976|1976-01-01,CY113205,H3N2,1976-01-01,Human,Netherlands,Europe,Human,human,Human
A/Bilthoven/5146/1974|1974-01-01,CY112329,H3N2,1974-01-01,Human,Netherlands,Europe,Human,human,Human
A/Bilthoven/552/1973|1973-01-01,CY113093,H3N2,1973-01-01,Human,Netherlands,Europe,Human,human,Human
A/Bilthoven/5657/1976|1976-01-01,CY113213,H3N2,1976-01-01,Human,Netherlands,Europe,Human,human,Human
A/Bilthoven/5930/1974|1974-01-01,CY113117,H3N2,1974-01-01,Human,Netherlands,Europe,Human,human,Human
A/Bilthoven/5931/1974|1974-01-01,CY113125,H3N2,1974-01-01,Human,Netherlands,Europe,Human,human,Human
A/Bilthoven/6022/1972|1972-01-01,CY112297,H3N2,1972-01-01,Human,Netherlands,Europe,Human,human,Human
A/Bilthoven/628/1976|1976-01-01,CY113189,H3N2,1976-01-01,Human,Netherlands,Europe,Human,human,Human
A/Bilthoven/6545/1976|1976-01-01,CY113221,H3N2,1976-01-01,Human,Netherlands,Europe,Human,human,Human
A/Bilthoven/7398/1974|1974-01-01,CY113133,H3N2,1974-01-01,Human,Netherlands,Europe,Human,human,Human
A/Bilthoven/748/1973|1973-01-01,CY112321,H3N2,1973-01-01,Human,Netherlands,Europe,Human,human,Human
A/Bilthoven/808/1969|1969-01-01,CY112257,H3N2,1969-01-01,Human,Netherlands,Europe,Human,human,Human
A/Bilthoven/908/1969|1969-01-01,CY113045,H3N2,1969-01-01,Human,Netherlands,Europe,Human,human,Human
A/Bilthoven/93/1970|1970-01-01,CY112265,H3N2,1970-01-01,Human,Netherlands,Europe,Human,human,Human
A/Bilthoven/9459/1974|1974-01-01,CY113141,H3N2,1974-01-01,Human,Netherlands,Europe,Human,human,Human
A/Bom_Retiro_do_Sul/LACENRS-3406/2013|2013-08-22,KY926167,H3N2,2013-08-22,Human,Brazil,South America,Human,human,Human
A/Brisbane/123/2017|2017-07-18,MN568263,H3N2,2017-07-18,Human,Australia,Oceania,Human,human,Human
A/Brisbane/E1/2007|2007-02-12,KX571022,H3N2,2007-02-12,Human,Australia,Oceania,Human,human,Human
A/Budapest/1514A07804502N/2011|2011-12-12,KT889257,H3N2,2011-12-12,Human,Hungary,Europe,Human,human,Human
A/California/117/2015|2015-12-05,KX413633,H3N2,2015-12-05,Human,Usa,North America,Human,human,Human
A/California/VRDL208/2009|2009-04-29,CY068790,H3N2,2009-04-29,Human,Usa,North America,Human,human,Human
A/Chad/9839/2019|2019-08-06,MN519330,H3N2,2019-08-06,Human,Chad,Africa,Human,human,Human
A/China/60786/2014|2014-12-18,MK641768,H3N2,2014-12-18,Human,China,China,Human,human,Human
A/China/BJHD210/2018|2018-01-15,MZ293500,H3N2,2018-01-15,Human,China,China,Human,human,Human
A/China/HBWH15/2015|2015-02-03,MZ293526,H3N2,2015-02-03,Human,China,China,Human,human,Human
A/Darwin/6/2021|2021-03-16,OQ718999,H3N2,2021-03-16,Human,Australia,Oceania,Human,human,Human
A/England/42/1972|1972-01-01,CY121157,H3N2,1972-01-01,Human,United Kingdom,Europe,Human,human,Human
A/England/493/2003|2003-11-23,CY088302,H3N2,2003-11-23,Human,United Kingdom,Europe,Human,human,Human
A/Guam/8597/2019|2019-01-31,MK869179,H3N2,2019-01-31,Human,Guam,Oceania,Human,human,Human
A/Guandong/243/1972|1972-01-01,CY007971,H3N2,1972-01-01,Human,China,China,Human,human,Human
A/Gyeongbuk/745/2017|2017-09-04,MK159075,H3N2,2017-09-04,Human,South Korea,Japan Korea,Human,human,Human
A/HaNoi/Q545/2007|2007-07-27,CY105718,H3N2,2007-07-27,Human,Vietnam,Southeast Asia,Human,human,Human
A/Homo_sapien/China/LS340/2019|2019-10-11,MT102520,H3N2,2019-10-11,Human,China,China,Human,human,Human
A/Hong_Kong/01/1968|1968-01-01,KY321927,H3N2,1968-01-01,Human,Hong Kong,China,Human,human,Human
A/Hong_Kong/1-10/1968|1968-01-01,CY033057,H3N2,1968-01-01,Human,Hong Kong,China,Human,human,Human
A/Hong_Kong/1-11/1968|1968-01-01,CY034004,H3N2,1968-01-01,Human,Hong Kong,China,Human,human,Human
A/Hong_Kong/1-5/1968|1968-01-01,CY033025,H3N2,1968-01-01,Human,Hong Kong,China,Human,human,Human
A/Hong_Kong/1-6/1968|1968-01-01,CY033033,H3N2,1968-01-01,Human,Hong Kong,China,Human,human,Human
A/Hong_Kong/1-8/1968|1968-01-01,CY033996,H3N2,1968-01-01,Human,Hong Kong,China,Human,human,Human
A/Hong_Kong/1-9/1968|1968-01-01,CY033049,H3N2,1968-01-01,Human,Hong Kong,China,Human,human,Human
A/Hong_Kong/1/1968|1968-01-01,AF348176,H3N2,1968-01-01,Human,Hong Kong,China,Human,human,Human
A/Hong_Kong/107/1971|1971-01-01,CY112289,H3N2,1971-01-01,Human,Hong Kong,China,Human,human,Human
A/Hong_Kong/11/1973|1973-01-01,CY003528,H3N2,1973-01-01,Human,Hong Kong,China,Human,human,Human
A/Hong_Kong/14/1974|1974-01-01,CY003496,H3N2,1974-01-01,Human,Hong Kong,China,Human,human,Human
A/Hong_Kong/2/1994|1994-06-01,CY112717,H3N2,1994-06-01,Human,Hong Kong,China,Human,human,Human
A/Hong_Kong/3/1969|1969-01-01,CY006299,H3N2,1969-01-01,Human,Hong Kong,China,Human,human,Human
A/Hong_Kong/33/1973|1973-01-01,CY009004,H3N2,1973-01-01,Human,Hong Kong,China,Human,human,Human
A/Hong_Kong/358/1996|1996-07-19,CY114261,H3N2,1996-07-19,Human,Hong Kong,China,Human,human,Human
A/Hong_Kong/43/1975|1975-01-01,CY003728,H3N2,1975-01-01,Human,Hong Kong,China,Human,human,Human
A/Hong_Kong/45/1980|1980-01-01,CY006043,H3N2,1980-01-01,Human,Hong Kong,China,Human,human,Human
A/Hong_Kong/46/1971|1971-01-01,CY006683,H3N2,1971-01-01,Human,Hong Kong,China,Human,human,Human
A/Hong_Kong/46/1980|1980-01-01,CY003488,H3N2,1980-01-01,Human,Hong Kong,China,Human,human,Human
A/Hong_Kong/49/1974|1974-01-01,CY006907,H3N2,1974-01-01,Human,Hong Kong,China,Human,human,Human
A/Hong_Kong/49/1995|1995-09-01,CY114205,H3N2,1995-09-01,Human,Hong Kong,China,Human,human,Human
A/Hong_Kong/6/1972|1972-01-01,CY003552,H3N2,1972-01-01,Human,Hong Kong,China,Human,human,Human
A/Hong_Kong/H090-674-V10/2009|2009-07-07,CY106608,H3N2,2009-07-07,Human,Hong Kong,China,Human,human,Human
A/Hong_Kong/HKU11/2004|2004-03-25,CY038583,H3N2,2004-03-25,Human,Hong Kong,China,Human,human,Human
A/Hong_Kong/JY2/1968|1968-01-01,CY147438,H3N2,1968-01-01,Human,Hong Kong,China,Human,human,Human
A/Hong_Kong_SAR/1/1968|1968-01-01,OQ291621,H3N2,1968-01-01,Human,China,China,Human,human,Human
A/Houston/56829/1992|1992-04-03,CY113701,H3N2,1992-04-03,Human,Usa,North America,Human,human,Human
A/Italy/7156/2018|2018-02-20,MK400752,H3N2,2018-02-20,Human,Italy,Europe,Human,human,Human
A/Japan/7161/2018|2018-02-27,MK400757,H3N2,2018-02-27,Human,Japan,Japan Korea,Human,human,Human
A/Johannesburg/10/1997|1997-07-01,CY112853,H3N2,1997-07-01,Human,South Africa,Africa,Human,human,Human
A/Korea/37/2012|2012-01-19,KT889146,H3N2,2012-01-19,Human,South Korea,Japan Korea,Human,human,Human
A/Korea/WRAIR1038P/2009|2009-04-09,CY069325,H3N2,2009-04-09,Human,South Korea,Japan Korea,Human,human,Human
A/Kuwait/AF03/2008|2008-02-02,CY037311,H3N2,2008-02-02,Human,Kuwait,West Asia,Human,human,Human
A/Louisiana/02/2020|2020-01-06,MT245674,H3N2,2020-01-06,Human,Usa,North America,Human,human,Human
A/Lyon/2279/1995|1995-11-20,CY114213,H3N2,1995-11-20,Human,France,Europe,Human,human,Human
A/Maharashtra_State/NIV1734102/2017|2017-09-25,MH328005,H3N2,2017-09-25,Human,India,South Asia,Human,human,Human
A/Malaysia/10997/1999|1999-02-18,CY118498,H3N2,1999-02-18,Human,Malaysia,Southeast Asia,Human,human,Human
A/Malaysia/11473/1996|1996-12-24,CY118506,H3N2,1996-12-24,Human,Malaysia,Southeast Asia,Human,human,Human
A/Malaysia/13241/1997|1997-07-24,CY117752,H3N2,1997-07-24,Human,Malaysia,Southeast Asia,Human,human,Human
A/Malaysia/14590/2000|2000-06-26,CY117776,H3N2,2000-06-26,Human,Malaysia,Southeast Asia,Human,human,Human
A/Malaysia/17332/1998|1998-06-19,CY118610,H3N2,1998-06-19,Human,Malaysia,Southeast Asia,Human,human,Human
A/Malaysia/17998/2001|2001-01-30,CY118626,H3N2,2001-01-30,Human,Malaysia,Southeast Asia,Human,human,Human
A/Malaysia/2075556/2008|2008-09-15,CY118175,H3N2,2008-09-15,Human,Malaysia,Southeast Asia,Human,human,Human
A/Malaysia/29890/2004|2004-10-06,CY118810,H3N2,2004-10-06,Human,Malaysia,Southeast Asia,Human,human,Human
A/Malaysia/33827/2006|2006-01-11,CY118882,H3N2,2006-01-11,Human,Malaysia,Southeast Asia,Human,human,Human
A/Managua/1784.03/2010|2010-06-03,CY074795,H3N2,2010-06-03,Human,Nicaragua,North America,Human,human,Human
A/Massachusetts/07/2021|2021-11-30,OP838460,H3N2,2021-11-30,Human,Usa,North America,Human,human,Human
A/Memphis/1/1971|1971-01-01,J02132,H3N2,1971-01-01,Human,Usa,North America,Human,human,Human
A/Memphis/1/1977|1977-01-01,CY006731,H3N2,1977-01-01,Human,Usa,North America,Human,human,Human
A/Memphis/101/1974|1974-01-01,CY006715,H3N2,1974-01-01,Human,Usa,North America,Human,human,Human
A/Memphis/102/1972|1972-01-01,CY002096,H3N2,1972-01-01,Human,Usa,North America,Human,human,Human
A/Memphis/103/1972|1972-01-01,CY008460,H3N2,1972-01-01,Human,Usa,North America,Human,human,Human
A/Memphis/103/1974|1974-01-01,CY006827,H3N2,1974-01-01,Human,Usa,North America,Human,human,Human
A/Memphis/103/1976|1976-01-01,CY006883,H3N2,1976-01-01,Human,Usa,North America,Human,human,Human
A/Memphis/104/1976|1976-01-01,CY022309,H3N2,1976-01-01,Human,Usa,North America,Human,human,Human
A/Memphis/105/1972|1972-01-01,CY008684,H3N2,1972-01-01,Human,Usa,North America,Human,human,Human
A/Memphis/109/1972|1972-01-01,CY002744,H3N2,1972-01-01,Human,Usa,North America,Human,human,Human
A/Memphis/110/1976|1976-01-01,CY006835,H3N2,1976-01-01,Human,Usa,North America,Human,human,Human
A/Memphis/12/1978|1978-01-01,CY006699,H3N2,1978-01-01,Human,Usa,North America,Human,human,Human
A/Memphis/137/1976|1976-01-01,CY006723,H3N2,1976-01-01,Human,Usa,North America,Human,human,Human
A/Memphis/18/1978|1978-01-01,CY006707,H3N2,1978-01-01,Human,Usa,North America,Human,human,Human
A/Memphis/2/1977|1977-01-01,CY008115,H3N2,1977-01-01,Human,Usa,North America,Human,human,Human
A/Memphis/2/1978|1978-01-01,CY006691,H3N2,1978-01-01,Human,Usa,North America,Human,human,Human
A/Memphis/3/1971|1971-01-01,CY021597,H3N2,1971-01-01,Human,Usa,North America,Human,human,Human
A/Memphis/3/1973|1973-01-01,CY006811,H3N2,1973-01-01,Human,Usa,North America,Human,human,Human
A/Memphis/3/1977|1977-01-01,CY006739,H3N2,1977-01-01,Human,Usa,North America,Human,human,Human
A/Memphis/4/1977|1977-01-01,CY008123,H3N2,1977-01-01,Human,Usa,North America,Human,human,Human
A/Memphis/9/1980|1980-01-01,CY006891,H3N2,1980-01-01,Human,Usa,North America,Human,human,Human
A/Mexico/VER59/2011|2011-12-09,KJ855347,H3N2,2011-12-09,Human,Mexico,North America,Human,human,Human
A/Netherlands/1/2002|2002-01-07,CY112941,H3N2,2002-01-07,Human,Netherlands,Europe,Human,human,Human
A/Netherlands/118/2001|2001-03-14,CY112925,H3N2,2001-03-14,Human,Netherlands,Europe,Human,human,Human
A/Netherlands/132/2004|2004-12-04,CY112989,H3N2,2004-12-04,Human,Netherlands,Europe,Human,human,Human
A/Netherlands/18/1994|1994-01-05,CY114157,H3N2,1994-01-05,Human,Netherlands,Europe,Human,human,Human
A/Netherlands/209/1980|1980-12-01,CY113269,H3N2,1980-12-01,Human,Netherlands,Europe,Human,human,Human
A/Netherlands/233/1982|1982-04-01,CY114437,H3N2,1982-04-01,Human,Netherlands,Europe,Human,human,Human
A/Netherlands/3/2000|2000-01-06,CY114317,H3N2,2000-01-06,Human,Netherlands,Europe,Human,human,Human
A/Netherlands/301/1999|1999-10-01,CY114493,H3N2,1999-10-01,Human,Netherlands,Europe,Human,human,Human
A/Netherlands/333/1985|1985-02-01,CY113333,H3N2,1985-02-01,Human,Netherlands,Europe,Human,human,Human
A/Netherlands/357/1993|1993-12-06,CY114069,H3N2,1993-12-06,Human,Netherlands,Europe,Human,human,Human
A/Netherlands/363/2006|2006-12-24,CY114397,H3N2,2006-12-24,Human,Netherlands,Europe,Human,human,Human
A/Netherlands/377/2008|2008-09-27,CY113013,H3N2,2008-09-27,Human,Netherlands,Europe,Human,human,Human
A/Netherlands/414/1998|1998-05-12,CY112893,H3N2,1998-05-12,Human,Netherlands,Europe,Human,human,Human
A/Netherlands/548/2005|2005-12-26,CY112997,H3N2,2005-12-26,Human,Netherlands,Europe,Human,human,Human
A/Netherlands/620/1989|1989-11-27,CY113421,H3N2,1989-11-27,Human,Netherlands,Europe,Human,human,Human
A/Netherlands/69/2007|2007-02-19,CY114405,H3N2,2007-02-19,Human,Netherlands,Europe,Human,human,Human
A/Netherlands/761/2009|2009-06-25,CY113037,H3N2,2009-06-25,Human,Netherlands,Europe,Human,human,Human
A/New_Hampshire/05/2022|2022-02-25,OP843341,H3N2,2022-02-25,Human,Usa,North America,Human,human,Human
A/New_Mexico/15/2023|2023-01-17,OR012271,H3N2,2023-01-17,Human,Usa,North America,Human,human,Human
A/New_York/1150/2008|2008-03-03,CY173239,H3N2,2008-03-03,Human,Usa,North America,Human,human,Human
A/New_York/116/2002|2002-01-30,CY000553,H3N2,2002-01-30,Human,Usa,North America,Human,human,Human
A/New_York/180/2000|2000-02-09,CY000737,H3N2,2000-02-09,Human,Usa,North America,Human,human,Human
A/New_York/330/1998|1998-12-30,CY002384,H3N2,1998-12-30,Human,Usa,North America,Human,human,Human
A/New_York/459/1999|1999-01-25,CY003632,H3N2,1999-01-25,Human,Usa,North America,Human,human,Human
A/New_York/663/1994|1994-12-20,CY012464,H3N2,1994-12-20,Human,Usa,North America,Human,human,Human
A/New_York/677/1995|1995-02-18,CY012248,H3N2,1995-02-18,Human,Usa,North America,Human,human,Human
A/New_York/776/1993|1993-02-18,CY013661,H3N2,1993-02-18,Human,Usa,North America,Human,human,Human
A/New_York/94/2001|2001-12-25,CY001168,H3N2,2001-12-25,Human,Usa,North America,Human,human,Human
A/Nicaragua/7699_01/2013|2013-08-06,CY187953,H3N2,2013-08-06,Human,Nicaragua,North America,Human,human,Human
A/Nice/491/1996|1996-12-30,CY112861,H3N2,1996-12-30,Human,France,Europe,Human,human,Human
A/Northern_Territories/60-JY2/1968|1968-01-01,CY147446,H3N2,1968-01-01,Human,Australia,Oceania,Human,human,Human
A/Ohio/24/2016|2016-05-08,KX918068,H3N2,2016-05-08,Human,Usa,North America,Human,human,Human
A/Peru/PER304/2010|2010-11-29,CY162656,H3N2,2010-11-29,Human,Peru,South America,Human,human,Human
A/Peru/PER314/2012|2012-04-18,CY162736,H3N2,2012-04-18,Human,Peru,South America,Human,human,Human
A/Philippines/2-MA/1982|1982-06-01,CY065976,H3N2,1982-06-01,Human,Philippines,Southeast Asia,Human,human,Human
A/Port_Chalmers/1/1973|1973-01-01,CY121181,H3N2,1973-01-01,Human,New Zealand,Oceania,Human,human,Human
A/Port_Chalmers/JY2/1973|1973-01-01,CY147430,H3N2,1973-01-01,Human,New Zealand,Oceania,Human,human,Human
A/Porto_Alegre/LACENRS-1013/2016|2016-04-22,KY925917,H3N2,2016-04-22,Human,Brazil,South America,Human,human,Human
A/Porto_Alegre/LACENRS-1351/2014|2014-07-02,KY925566,H3N2,2014-07-02,Human,Brazil,South America,Human,human,Human
A/Porto_Alegre/LACENRS-1969/2015|2015-07-30,KY925215,H3N2,2015-07-30,Human,Brazil,South America,Human,human,Human
A/Queensland/46/2004|2004-10-09,CY017973,H3N2,2004-10-09,Human,Australia,Oceania,Human,human,Human
A/Queensland/5/2000|2000-08-13,CY017459,H3N2,2000-08-13,Human,Australia,Oceania,Human,human,Human
A/Rheinland-Pfalz/USAFSAM-13448/2022|2022-09-13,OP939079,H3N2,2022-09-13,Human,Germany,Europe,Human,human,Human
A/Rheinland-Pfalz/USAFSAM-14133/2023|2023-01-29,OQ821953,H3N2,2023-01-29,Human,Germany,Europe,Human,human,Human
A/Rotterdam/100540/1992|1992-01-26,CY112508,H3N2,1992-01-26,Human,Netherlands,Europe,Human,human,Human
A/Rotterdam/577/1980|1980-01-01,CY112353,H3N2,1980-01-01,Human,Netherlands,Europe,Human,human,Human
A/Rotterdam/5828/1977|1977-01-01,CY113245,H3N2,1977-01-01,Human,Netherlands,Europe,Human,human,Human
A/Rotterdam/8179/1977|1977-01-01,CY113253,H3N2,1977-01-01,Human,Netherlands,Europe,Human,human,Human
A/Santiago/p016d0/2018|2018-07-11,MK159820,H3N2,2018-07-11,Human,Chile,South America,Human,human,Human
A/Santiago/PUC-MVL_161/2017|2017-06-20,MH346653,H3N2,2017-06-20,Human,Chile,South America,Human,human,Human
A/Sao_Paulo/HIAE001/2021|2021-12-11,OM098430,H3N2,2021-12-11,Human,Brazil,South America,Human,human,Human
A/Siena/1/1997|1997-01-06,CY036847,H3N2,1997-01-06,Human,Italy,Europe,Human,human,Human
A/Siena/10/1990|1990-01-18,CY035214,H3N2,1990-01-18,Human,Italy,Europe,Human,human,Human
A/Siena/3/1988|1988-02-05,CY035198,H3N2,1988-02-05,Human,Italy,Europe,Human,human,Human
A/Siena/6/1991|1991-12-24,CY035230,H3N2,1991-12-24,Human,Italy,Europe,Human,human,Human
A/Singapore/3/1993|1993-01-06,CY113445,H3N2,1993-01-06,Human,Singapore,Southeast Asia,Human,human,Human
A/Singapore/C2011.173/2011|2011-03-04,KF014205,H3N2,2011-03-04,Human,Singapore,Southeast Asia,Human,human,Human
A/Singapore/H2012.490/2012|2012-06-27,KM069568,H3N2,2012-06-27,Human,Singapore,Southeast Asia,Human,human,Human
A/Singapore/H2013.529/2013|2013-07-12,KM069593,H3N2,2013-07-12,Human,Singapore,Southeast Asia,Human,human,Human
A/Singapore/NHRC_RGN0212/2017|2017-07-04,MG279238,H3N2,2017-07-04,Human,Singapore,Southeast Asia,Human,human,Human
A/Singapore/S2009.367a/2009|2009-05-14,KM069485,H3N2,2009-05-14,Human,Singapore,Southeast Asia,Human,human,Human
A/South_Australia/15/1994|1994-06-03,CY112749,H3N2,1994-06-03,Human,Australia,Oceania,Human,human,Human
A/South_Australia/89/2018|2018-09-25,MN571223,H3N2,2018-09-25,Human,Australia,Oceania,Human,human,Human
A/South_Korea/8668/2019|2019-01-12,MK869539,H3N2,2019-01-12,Human,South Korea,Japan Korea,Human,human,Human
A/Sydney/DD2-01/2010|2010-09-13,CY090869,H3N2,2010-09-13,Human,Australia,Oceania,Human,human,Human
A/Taipei/0095/2016|2016-12-22,KY949971,H3N2,2016-12-22,Human,Taiwan,China,Human,human,Human
A/TayNguyen/TN152/2003|2003-09-18,CY104084,H3N2,2003-09-18,Human,Vietnam,Southeast Asia,Human,human,Human
A/TayNguyen/TN332/2005|2005-06-14,CY105470,H3N2,2005-06-14,Human,Vietnam,Southeast Asia,Human,human,Human
A/Texas/1/1977|1977-01-01,CY120992,H3N2,1977-01-01,Human,Usa,North America,Human,human,Human
A/Texas/6982/2018|2018-01-04,MK381514,H3N2,2018-01-04,Human,Usa,North America,Human,human,Human
A/Texas/NHRC0002/2005|2005-12-19,CY091021,H3N2,2005-12-19,Human,Usa,North America,Human,human,Human
A/Thailand/B29296/2018|2018-10-30,MN561353,H3N2,2018-10-30,Human,Thailand,Southeast Asia,Human,human,Human
A/Tomsk/243/2018|2018-12-12,MK495333,H3N2,2018-12-12,Human,Russia,West Asia,Human,human,Human
A/udorn/1972|1972-01-01,CY009636,H3N2,1972-01-01,Human,Russia,West Asia,Human,human,Human
A/Udorn/307/1972|1972-01-01,AX350190,H3N2,1972-01-01,Human,Russia,West Asia,Human,human,Human
A/Vermont/22/2019|2019-03-30,MN085256,H3N2,2019-03-30,Human,Usa,North America,Human,human,Human
A/Victoria/104/1993|1993-09-03,CY112677,H3N2,1993-09-03,Human,Australia,Oceania,Human,human,Human
A/Victoria/12/2016|2016-06-18,CY254385,H3N2,2016-06-18,Human,Australia,Oceania,Human,human,Human
A/Victoria/147/2012|2012-07-24,CY251215,H3N2,2012-07-24,Human,Australia,Oceania,Human,human,Human
A/Victoria/16/2015|2015-07-09,CY253066,H3N2,2015-07-09,Human,Australia,Oceania,Human,human,Human
A/Victoria/3/1975|1975-04-01,V01098,H3N2,1975-04-01,Human,Australia,Oceania,Human,human,Human
A/Victoria/5006/2014|2014-08-25,CY252055,H3N2,2014-08-25,Human,Australia,Oceania,Human,human,Human
A/Victoria/504/2013|2013-06-17,CY251495,H3N2,2013-06-17,Human,Australia,Oceania,Human,human,Human
A/Victoria/68/1992|1992-07-17,CY113949,H3N2,1992-07-17,Human,Australia,Oceania,Human,human,Human
A/Victoria/75/1995|1995-07-27,CY112813,H3N2,1995-07-27,Human,Australia,Oceania,Human,human,Human
A/Victoria/JY2/1968|1968-01-01,CY146809,H3N2,1968-01-01,Human,Australia,Oceania,Human,human,Human
A/Virginia/30/2017|2017-08-30,CY244894,H3N2,2017-08-30,Human,Usa,North America,Human,human,Human
A/Waikato/1/2005|2005-01-25,CY014015,H3N2,2005-01-25,Human,New Zealand,Oceania,Human,human,Human
