strain_host,latinname,host_group1,host_group2,order,domesticstatus,corrected_host,
africangoose,Anser cygnoides domesticus,goose,goose-swan,anseriformes,unknown,africangoose,
africancrownedcrane,Balearica regulorum,crane,other ,gruiformes,unknown,africancrownedcrane,
amazonparrot,Amazona,parrot,other ,psittaciformes,unknown,amazonparrot,
americanblackduck,Anas rubripes,duck,duck,anseriformes,wild,americanblackduck,
americanbluewingedteal,Spatula discors,duck,duck,anseriformes,wild,bluewingedteal,
americanbuffgoose,Anser anser domesticus,goose,goose-swan,anseriformes,domestic,americanbuffgoose,
americancoot,Fulica americana,crane,other ,gruiformes,wild,americancoot,
americancrow,Corvus brachyrhynchos,passerine,songbird-etc,passeriformes,wild,americancrow,
americangreenwingedteal,Anas carolinensis,duck,duck,anseriformes,wild,greenwingedteal,
americangoshawk,Astur atricapillus,raptor,bird-of-prey,accipitriformes,wild,americangoshawk,
americankestrel,Falco sparverius,raptor,bird-of-prey,falconiformes,wild,americankestrel,
americanpelican,Pelecanus erythrorhynchos,pelican,shorebird,pelecaniformes,wild,americanwhitepelican,
americanraven,Corvus corax ,passerine,songbird-etc,passeriformes,wild,commonraven,
americanrobin,Turdus migratorius,passerine,songbird-etc,passeriformes,wild,americanrobin,
americanwhitepelican,Pelecanus erythrorhynchos,pelican,shorebird,pelecaniformes,wild,americanwhitepelican,
americanwigeon,Mareca americana,duck,duck,anseriformes,wild,americanwigeon,
americanwoodcock,Scolopax minor,wader,shorebird,charadriiformes,wild,americanwoodcock,
americanwoodstork,Mycteria americana,wader,other ,ciconiiformes,wild,americanwoodstork,
anasplatyrhynchos,Anas platyrhynchos,duck,duck,anseriformes,wild,mallard,
anatinae,Anatidae,duck,duck,anseriformes,wild,wildduck,
arctictern,Sterna paradisaea,tern,shorebird,charadriiformes,wild,arctictern,
atlanticpuffin,Fratercula arctica,seabird,shorebird,charadriiformes,wild,atlanticpuffin,
aves,,unknown,other ,unknown,unknown,aves,
avian,,unknown,other ,unknown,unknown,avian,
backheadedgull,Chroicocephalus ridibundus,gull,shorebird,charadriiformes,wild,blackheadeadgull,
backyardbird,,unknown,other ,unknown,domestic,backyardbird,
baerspochard,Aythya baeri,duck,duck,anseriformes,unknown,baerspochard,
baikalteal,Sibirionetta formosa,duck,duck,anseriformes,wild,baikalteal,
baldeagle,Haliaeetus leucocephalus,raptor,bird-of-prey,accipitriformes,wild,baldeagle,
barheadedgoose,Anser indicus,goose,goose-swan,anseriformes,wild,barheadedgoose,
barnowl,Tyto alba,owl,bird-of-prey,strigiformes,wild,barnowl,
barnswallow,Hirundo rustica,passerine,songbird-etc,passeriformes,wild,barnswallow,
barredowl,Strix varia,owl,bird-of-prey,strigiformes,wild,barredowl,
barrowsgoldeneye,Bucephala islandica,duck,duck,anseriformes,wild,barrowsgoldeneye,
blackbelliedplover,Pluvialis squatarola,wader,shorebird,charadriiformes,wild,blackbelliedplover,
blackbilledmagpie,Pica hudsonia,passerine,songbird-etc,passeriformes,wild,blackbilledmagpie,
blackbird,Turdus merula,passerine,songbird-etc,passeriformes,wild,blackbird,
blackbrant,Branta bernicla nigricans,goose,goose-swan,anseriformes,wild,blackbrant,black brant is a subspecies
blackcrownednightheron,Nycticorax nycticorax,heron,shorebird,pelecaniformes,wild,blackcrownednightheron,
blackheadeadgull,Chroicocephalus ridibundus,gull,shorebird,charadriiformes,wild,blackheadeadgull,
blackleggedkittiwake,Rissa tridactyla,gull,shorebird,charadriiformes,wild,blackleggedkittiwake,
blackneckswan,Cygnus melancoryphus,swan,goose-swan,anseriformes,unknown,blackneckswan,
blackscoter,Melanitta americana,duck,duck,anseriformes,wild,blackscoter,
blackskimmer,Rynchops niger,seabird,shorebird,charadriiformes,wild,blackskimmer,
blackswan,Cygnus atratus,swan,goose-swan,anseriformes,wild,blackswan,
blackswift,Cypseloides niger,swift,,apodiformes,wild,blackswift,
blackturnstone,Arenaria melanocephala,wader,shorebird,charadriiformes,wild,blackturnstone,
blackvulture,Coragyps atratus,raptor,bird-of-prey,accipitriformes,wild,blackvulture,
bluejay,Cyanocitta cristata,passerine,songbird-etc,passeriformes,wild,bluejay,
bluewingedteal,Spatula discors,duck,duck,anseriformes,wild,bluewingedteal,
boattailedgrackle,Quiscalus major,passerine,songbird-etc,passeriformes,wild,boattailedgrackle,
bonapartesgull,Chroicocephalus philadelphia,gull,shorebird,charadriiformes,wild,bonapartesgull,
brantacanadensis,Branta canadensis,goose,goose-swan,anseriformes,wild,canadagoose,
brant,Branta bernicla,goose,goose-swan,anseriformes,wild,brant,
brandtgoose,Branta bernicla,goose,goose-swan,anseriformes,wild,brant,
brandtscormorant,Urile penicillatus,cormorant,shorebird,suliformes,wild,brandtscormorant,
brazilianteal,Amazonetta brasiliensis,duck,duck,anseriformes,unknown,brazilianteal,
brewersblackbird,Euphagus cyanocephalus,passerine,songbird-etc,passeriformes,wild,brewersblackbird,
broadwingedhawk,Buteo platypterus,raptor,bird-of-prey,accipitriformes,wild,broadwingedhawk,
broilerbreederschicken,Gallus gallus,chicken,ground-bird,galliformes,domestic,chicken,
broilerchicken,Gallus gallus,chicken,ground-bird,galliformes,domestic,chicken,
brownpelican,Pelecanus occidentalis,pelican,shorebird,pelecaniformes,wild,brownpelican,
bufflehead,Bucephala albeola,duck,duck,anseriformes,wild,bufflehead,
bubovirginianus,Bubo virginianus,owl,bird-of-prey,strigiformes,wild,greathornedowl,
burrowingowl,Athene cunicularia,owl,bird-of-prey,strigiformes,wild,burrowingowl,
buteojamaicensis,Buteo jamaicensis,raptor,bird-of-prey,accipitriformes,wild,redtailedhawk,
cacklinggoose,Branta hutchinsii,goose,goose-swan,anseriformes,wild,cacklinggoose,
californiacondor,Gymnogyps californianus,raptor,bird-of-prey,accipitriformes,wild,californiacondor,
californiagull,Larus californicus,gull,shorebird,charadriiformes,wild,californiagull,
californiaquail,Callipepla californica,groundbird,ground-bird,galliformes,wild,californiaquail,
canadagoose,Branta canadensis,goose,goose-swan,anseriformes,wild,canadagoose,
canvasback,Aythya valisineria,duck,duck,anseriformes,wild,canvasback,
capeteal,Anas capensis,duck,duck,anseriformes,unknown,capeteal,
cascadeduck,,duck,duck,anseriformes,domestic,cascadeduck,
caspiantern,Hydroprogne caspia,tern,shorebird,charadriiformes,wild,caspiantern,
catalinamacaw,Ara ararauna or Ara macao,parrot,other ,psittaciformes,unknown,catalinamacaw,hybrid
cattleegret,Ardea ibis,wader,shorebird,pelecaniformes,wild,cattleegret,
chicken,Gallus gallus,chicken,ground-bird,galliformes,domestic,chicken,
chileanflamingo,Phoenicopterus chilensis,wader,other ,phoenicopteriformes,unknown,chileanflamingo,
chineseringneckpheasant,Phasianus colchicus,pheasant,ground-bird,galliformes,wild,ringneckpheasant,
chukar,Alectoris chukar,groundbird,ground-bird,galliformes,unknown,chukarpartridge,
cinnamonteal,Spatula cyanoptera,duck,duck,anseriformes,wild,cinnamonteal,
commonbarnowl,Tyto alba,owl,bird-of-prey,strigiformes,wild,barnowl,
commoneider,Somateria mollissima,duck,duck,anseriformes,wild,commoneider,
commoneiders,Somateria mollissima,duck,duck,anseriformes,wild,commoneider,
commongoldeneye,Bucephala clangula,duck,duck,anseriformes,wild,commongoldeneye,
commongrackle,Quiscalus quiscula,passerine,songbird-etc,passeriformes,wild,commongrackle,
commonloon,Gavia immer,duck,duck,gaviiformes,wild,commonloon,
commonmerganser,Mergus merganser,duck,duck,anseriformes,wild ,commonmerganser,
commonmurre,Uria aalge,gull,shorebird,charadriiformes,wild,commonmurre,
commonraven,Corvus corax,passerine,songbird-etc,passeriformes,wild,commonraven,
commontern,Sterna hirundo,tern,shorebird,charadriiformes,wild,commontern,
coopershawk,Accipiter cooperii,raptor,bird-of-prey,accipitriformes,wild,coopershawk,
coopersshawk,Accipiter cooperii,raptor,bird-of-prey,accipitriformes,wild,coopershawk,
cormorant,Phalacrocoracidae,cormorant,shorebird,suliformes,wild,cormorant,
corvusossifragus,Corvus ossifragus,crow,songbird-etc,passeriformes,wild,fishcrow,
crane,Gruidae,crane,other ,gruiformes,wild,crane,
crestedcaracara,Caracara plancus,raptor,bird-of-prey,falconiformes,wild,crestedcaracara,
crestedscreamer,Chauna torquata,wader,other,anseriformes,unknown,crestedscreamer,
crow,Corvus brachyrhynchos,passerine,songbird-etc,passeriformes,wild,crow,
dalmatianpelican,Pelecanus crispus,pelican,shorebird,pelecaniformes,unknown,dalmatianpelican,
darkeyedjunco,Junco hyemalis,passerine,songbird-etc,passeriformes,wild,darkeyedjunco,
domesticbird,,unknown,ground-bird,other,domestic,domesticbird,
domesticduck,,duck,duck,anseriformes,domestic,domesticduck,
domesticgoose,Anser anser domesticus or anser cygnoides domesticus,goose,goose-swan,anseriformes,domestic,domesticgoose,
domesticturkey,Meleagris gallopavo,turkey,ground-bird,galliformes,domestic,domesticturkey,
doublecrestedcormorant,Phalacrocorax auritus,cormorant,shorebird,suliformes,wild,doublecrestedcormorant,
dove,,dove,songbird-etc,columbiformes,wild,dove,
dovekie,Alle alle,seabird,shorebird,charadriiformes,wild,dovekie,
duck,,duck,duck,anseriformes,unknown,duck,
dunlin,Calidris alpina,wader,shorebird,charadriiformes,wild,dunlin,
eagle,,raptor,bird-of-prey,accipitriformes,wild,eagle,
earedgrebe,Podiceps nigricollis,grebe,diving-bird,podicipediformes,wild,earedgrebe,
easternscreechowl,Megascops asio,owl,bird-of-prey,strigiformes,wild,easternscreechowl,
egyptiangoose,Alopochen aegyptiaca,goose,goose-swan,anseriformes,wild,egyptiangoose,introduced
eider,Somateria mollissima,duck,duck,anseriformes,wild,commoneider,
embdengoose,Anser anser domesticus or anser cygnoides domesticus,goose,goose-swan,anseriformes,domestic,embdengoose,
emu,Dromaius novaehollandiae,emu,other,casuariiformes,domestic,emu,
eurasiancollareddove,Streptopelia decaocto,dove,songbird-etc,columbiformes,wild,eurasiancollareddove,introduced
europeanstarling,Sturnus vulgaris,passerine,songbird-etc,passeriformes,wild,europeanstarling,
falcon,Falco ,raptor,bird-of-prey,falconiformes,wild,falcon,
falcorusticolus,Falco rusticolus,raptor,bird-of-prey,falconiformes,wild,gyrfalcon,
fancychicken,Gallus gallus,chicken,ground-bird,galliformes,domestic,chicken,
ferruginoushawk,Buteo regalis,raptor,bird-of-prey,accipitriformes,wild,ferruginoushawk,
finch,Fringillidae,passerine,songbird-etc,passeriformes,wild,finch,
fishcrow,Corvus ossifragus,crow,songbird-etc,passeriformes,wild,fishcrow,
flamingo,,wader,other ,phoenicopteriformes,unknown,flamingo,
forsterstern,Sterna forsteri,tern,shorebird,charadriiformes,wild,forsterstern,
franklingull,Leucophaeus pipixcan,gull,shorebird,charadriiformes,wild,franklinsgull,
franklinsgull,Leucophaeus pipixcan,gull,shorebird,charadriiformes,wild,franklinsgull,
fulvouswhistlingduck,Dendrocygna bicolor,duck,duck,anseriformes,wild,fulvouswhistlingduck,
gadwall,Mareca strepera,duck,duck,anseriformes,wild,gadwall,
gadwallduck,Mareca strepera,duck,duck,anseriformes,wild,gadwall,
gallus,Gallus gallus,chicken,ground-bird,galliformes,domestic,chicken,
gallusgallus,Gallus gallus,chicken,ground-bird,galliformes,domestic,chicken,
gallusgallusdomesticus,Gallus gallus,chicken,ground-bird,galliformes,domestic,chicken,
gannet,Morus,seabird,shorebird,suliformes,wild,gannet,
glaucousgull,Larus hyperboreus,gull,shorebird,charadriiformes,wild,glaucousgull,
glaucouswingedgull,Larus glaucescens,gull,shorebird,charadriiformes,wild,glaucouswingedgull,
glossyibis,Plegadis falcinellus,wader,shorebird,pelecaniformes,wild,glossyibis,
goldeneagle,Aquila chrysaetos,raptor,bird-of-prey,accipitriformes,wild,goldeneagle,
goose,,goose,goose-swan,anseriformes,unknown,goose,
grackle,,passerine,songbird-etc,passeriformes,wild,grackle,
graylaggoose,Anser anser,goose,goose-swan,anseriformes,unknown,greylaggoose,
greatblackbakedgull,Larus marinus,gull,shorebird,charadriiformes,wild,greatblackbackedgull,
greatblackbackedgulll,Larus marinus,gull,shorebird,charadriiformes,wild,greatblackbackedgull,
greatblackbackedgull,Larus marinus,gull,shorebird,charadriiformes,wild,greatblackbackedgull,
greatblueheron,Ardea herodias,heron,shorebird,pelecaniformes,wild,greatblueheron,
greategret,Ardea alba,heron,shorebird,pelecaniformes,wild,greategret,
greaterrhea,Rhea americana,rhea,other,rheiformes,unknown,greaterrhea,
greatersagegrouse,Centrocercus urophasianus,groundbird,ground-bird,galliformes,wild,greatersagegrouse,
greaterscaup,Aythya marila,duck,duck,anseriformes,wild,greaterscaup,
greaterwhitefrontedgoose,Anser albifrons,goose,goose-swan,anseriformes,wild,greaterwhitefrontedgoose,
greateryellowlegs,Tringa melanoleuca,wader,shorebird,charadriiformes,wild,greateryellowlegs,
greatgreyowl,Strix nebulosa,owl,bird-of-prey,strigiformes,wild,greatgreyowl,
greathornedowl,Bubo virginianus,owl,bird-of-prey,strigiformes,wild,greathornedowl,
greatshearwater,Ardenna gravis,seabird,shorebird,procellariiformes,wild,greatshearwater,
greattailedgrackle,Quiscalus mexicanus,passerine,songbird-etc,passeriformes,wild,greattailedgrackle,
greenheron,Butorides virescens,heron,shorebird,pelecaniformes,wild,greenheron,
greenwingedteal,Anas carolinensis,duck,duck,anseriformes,wild,greenwingedteal,
guineafowl,Numididae sp.,guineafowl,ground-bird,galliformes,unknown,guineafowl,
gull,,gull,shorebird,charadriiformes,wild,gull,
gullspp,,gull,shorebird,charadriiformes,wild,gull,
gyrfalcon,Falco rusticolus,raptor,bird-of-prey,falconiformes,wild,gyrfalcon,
harrishawk,Parabuteo unicintus,raptor,bird-of-prey,accipitriformes,wild,harrishawk,
harrisshawk,Parabuteo unicintus,raptor,bird-of-prey,accipitriformes,wild,harrishawk,
hawk,,raptor,bird-of-prey,accipitriformes,wild,hawk,
heron,,heron,shorebird,pelecaniformes,wild,heron,
herringgull,Larus argentatus,gull,shorebird,charadriiformes,wild,herringgull,
heringgull,Larus argentatus,gull,shorebird,charadriiformes,wild,herringgull,
herringull,Larus argentatus,gull,shorebird,charadriiformes,wild,herringgull,
hoodedmerganser,Lophodytes cucullatus,duck,duck,anseriformes,wild,hoodedmerganser,
hornedgrebe,Podiceps auritus,grebe,diving-bird,podicipediformes,wild,hornedgrebe,
housesparrow,Passer domesticus,passerine,songbird-etc,passeriformes,wild,housesparrow,
icelandgull,Larus glaucoides,gull,shorebird,charadriiformes,wild,icelandgull,
indianrunnerduck,Anas platyrhynchos domesticus,duck,duck,anseriformes,domestic,indianrunnerduck,
indianrunnerducks,Anas platyrhynchos domesticus,duck,duck,anseriformes,domestic,indianrunnerduck,
khakicampbellduck,Anas platyrhynchos domesticus,duck,duck,anseriformes,domestic,khakicampbell,
kingvulture,Sarcoramphus papa,raptor,bird-of-prey,cathartiformes,unknown,kingvulture,
kookaburra,Dacelo,kingfisher,other,coraciiformes,unknown,kookaburra,
ladyamherstspheasant,Chrysolophus amherstiae,pheasant,ground-bird,galliformes,domestic,ladyamherstspheasant,
laridae,,gull,shorebird,charadriiformes,wild,gull,
larkbunting,Calamospiza melanocorys,passerine,songbird-etc,passeriformes,wild,larkbunting,
larksparrow,Chondestes grammacus,passerine,songbird-etc,passeriformes,wild,larksparrow,
laughinggull,Leucophaeus atricilla,gull,shorebird,charadriiformes,wild,laughinggull,
layerchicken,Gallus gallus,chicken,ground-bird,galliformes,domestic,chicken,
lesserflamingo,Phoenicopterus minor,wader,other,phoenicopteriformes,unknown,lesserflamingo,
lesserscaup,Aythya affinis,duck,duck,anseriformes,wild,lesserscaup,
lessersnowgoose,Anser caerulescens,goose,goose-swan,anseriformes,wild,lessersnowgoose,
lessersnowgooseblue,Anser caerulescens,goose,goose-swan,anseriformes,wild,lessersnowgooseblue,
lessersnowgoosewhite,Anser caerulescens,goose,goose-swan,anseriformes,wild,lessersnowgoosewhite,
lesserwhitefrontedgoose,Anser erythropus,goose,goose-swan,anseriformes,wild,lesserwhitefrontedgoose,I don't think this is real…
longearedowl,Asio otus,owl,bird-of-prey,strigiformes,wild,longearedowl,
longtailedduck,Clangula hyemalis,duck,duck,anseriformes,wild,longtailedduck,
lorikeet,Trichoglossus moluccanus,parrot,other,psittaciformes,unknown,lorikeet,
magpie,Corvidae,passerine,songbird-etc,passeriformes,wild,magpie,
mallard,Anas platyrhynchos,duck,duck,anseriformes,wild,mallard,
mallardduck,Anas platyrhynchos,duck,duck,anseriformes,wild,mallard,
manxshearwater,Puffinus puffinus,seabird,shorebird,procellariiformes,wild,manxshearwater,
merganser,Mergus,duck,duck,anseriformes,wild,merganser,
mergus,,duck,duck,anseriformes,unknown,duck,
merlin,Falco columbarius,raptor,bird-of-prey,falconiformes,wild,merlin,
mixed,,unknown,other,unknown,unknown,multispecies,
mottledduck,Anas fulvigula,duck,duck,anseriformes,wild,mottledduck,
mourningdove,Zenaida macroura,dove,songbird-etc,columbiformes,wild,mourningdove,
multispecies,,unknown,other,unknown,unknown,multispecies,
muscovyduck,Cairina moschata,duck,duck,anseriformes,unknown,muscovyduck,
muteswan,Cygnus olor,goose,goose-swan,anseriformes,wild,muteswan,
neotropiccormorant,Phalacrocorax brasilianus,cormorant,shorebird,suliformes,wild,neotropiccormorant,
northernfulmar,Fulmarus glacialis,seabird,shorebird,procellariiformes,wild ,northernfulmar,
northerngannet,Morus bassanus,seabird,shorebird,suliformes,wild,northerngannet,
northernharrier,Circus hudsonius,hawk,bird-of-prey,accipitriformes,wild,northernharrier,
northernpintail,Anas acuta,duck,duck,anseriformes,wild,northernpintail,
northenpintail,Anas acuta,duck,duck,anseriformes,wild,northernpintail,
northernsawwhetowl,Aegolius acadicus,owl,bird-of-prey,strigiformes,wild,northernsawwhetowl,
northernshoveler,Spatula clypeata,duck,duck,anseriformes,wild,northernshoveler,
northwesterncrow,Corvus brachyrhynchos,passerine,songbird-etc,passeriformes,wild,americancrow,absorbed?
osprey,Pandion haliaetus,hawk,bird-of-prey,accipitriformes,wild,osprey,
ostrich,Struthio camelus,ostrich,other,struthioniformes,domestic,ostrich,
owl,Strigidae,owl,bird-of-prey,strigiformes,wild,owl,
pacificloon,Gavia pacifica,duck,duck,gaviiformes,wild,pacificloon,
parabuteounicinctus,Parabuteo unicintus,raptor,bird-of-prey,accipitriformes,wild,harrishawk,
parasiticjaeger,Stercorarius parasiticus,gull,shorebird,charadriiformes,wild,parasiticjaeger,
parrot,Psittacidae,parrot,other,psittaciformes,unknown,parrot,
partridge,Phasianidae,partridge,ground-bird,galliformes,unknown,partridge,
peacock,Pavo,peafowl,ground-bird,galliformes,unknown,peafowl,feral?
peafowl,Pavo,peafowl,ground-bird,galliformes,unknown,peafowl,feral?
pekinduck,Anas platyrhynchos,duck,duck,anseriformes,domestic,pekinduck,
pelican,Pelecanidae,pelican,shorebird,pelecaniformes,wild,pelican,
peregrinefalcon,Falco peregrinus,raptor,bird-of-prey,falconiformes,wild,peregrinefalcon,
pheasant,,pheasant,ground-bird,galliformes,unknown,pheasant,
piedbilledgrebe,Podilymbus podiceps,grebe,diving-bird,podicipediformes,wild,piedbilledgrebe,
pigeon,Columba,dove,songbird-etc,columbiformes,wild,pigeon,
pintail,Anas acuta,duck,duck,anseriformes,wild,northernpintail,
plushcrestedjay,Cyanocorax chrysops,passerine,songbird-etc,passeriformes,unknown,plushcrestedjay,
poultry,Gallus gallus,chicken,ground-bird,galliformes,domestic,chicken,
prairiefalcon,Falco mexicanus,raptor,bird-of-prey,falconiformes,wild,prairiefalcon,
punateal,Spatula puna,duck,duck,anseriformes,unknown,punateal,
quail,,quail,ground-bird,galliformes,unknown,quail,
raven,Corvus,passerine,songbird-etc,passeriformes,wild,commonraven,
raxorbill,Alca torda,gull,hsore,charadriiformes,wild,razorbill,
razorbill,Alca torda,gull,shorebird,charadriiformes,wild,razorbill,
redbreastedgoose,Branta ruficollis,goose,goose-swan,anseriformes,unknown,redbreastedgoose,
redbreastedmerganser,Mergus serrator,duck,duck,anseriformes,wild,redbreastedmerganser,
redhead,Aythya americana,duck,duck,anseriformes,wild,redheadduck,
redheadduck,Aythya americana,duck,duck,anseriformes,wild,redheadduck,
redneckedgrebe,Podiceps grisegena,grebe,diving-bird,podicipediformes,wild,redneckedgrebe,
redneckedphalarope,Phalaropus lobatus,wader,shorebird,charadriiformes,wild ,redneckedphalarope,
redshoulderedhawk,Buteo lineatus,raptor,bird-of-prey,accipitriformes,wild,redshoulderedhawk,
redtailedhawk,Buteo jamaicensis,raptor,bird-of-prey,accipitriformes,wild,redtailedhawk,
redwingedblackbird,Agelaius phoeniceus,passerine,songbird-etc,passeriformes,wild,redwingedblackbird,
rhea,Rhea,rhea,other,rheiformes,unknown,rhea,
ringbilledgull,Larus delawarensis,gull,shorebird,charadriiformes,wild,ringbilledgull,
ringneckedduck,Aythya collaris,duck,duck,anseriformes,wild,ringneckedduck,
ringneckedpheasant,Phasianus colchicus,pheasant,ground-bird,galliformes,wild,ringneckedpheasant,
ringtailedhawk,Circus hudsonius,raptor,bird-of-prey,accipitriformes,wild,northernharrier,
rockpigeon,Columba livia,pigeon,songbird-etc,columbiformes,wild,rockpigeon,
roseatespoonbill,Platalea ajaja,wader,shorebird,pelecaniformes,wild,roseatespoonbill,
rosssgoose,Anser rossii,goose,goose-swan,anseriformes,wild,rosssgoose,
rossssgoose,Anser rossii,goose,goose-swan,anseriformes,wild,rosssgoose,
roughleggedhawk,Buteo lagopus ,raptor,bird-of-prey,accipitriformes,wild,roughleggedhawk,
royaltern,Thalasseus maximus,tern,shorebird,charadriiformes,wild,royaltern,
rthawk,Buteo jamaicensis,raptor,bird-of-prey,accipitriformes,wild,redtailedhawk,
ruddyduck,Oxyura jamaicensis,duck,duck,anseriformes,wild,ruddyduck,
ruddyturnstone,Arenaria interpres,wader,shorebird,charadriiformes,wild,ruddyturnstone,
ruffedgrouse,Bonasa umbellus,groundbird,ground-bird,galliformes,wild,ruffedgrouse,
sabinesgull,Xema sabini,gull,shorebird,charadriiformes,wild,sabinesgull,
sanderling,Calidris alba,wader,shorebird,charadriiformes,wild,sanderling,
sandhillcrane,Antigone canadensis,crane,other,gruiformes,wild,sandhillcrane,
sandwichtern,Thalasseus sandvicensis,tern,shorebird,charadriiformes,wild,sandwichtern,
savannahsparrow,Passerculus sandwichensis,passerine,songbird-etc,passeriformes,wild,savannahsparrow,
saysphoebe,Sayornis saya,passerine,songbird-etc,passeriformes,wild,saysphoebe,
scalysidedmerganser,Mergus squamatus,duck,duck,anseriformes,unknown,scalysidedmerganser,
scarletibis,Eudocimus ruber,wader,shorebird,pelecaniformes,unknown,scarletibis,
scoter,Melanitta,duck,duck,anseriformes,wild,scoter,
sebastopolgoose,Anser anser domesticus ,goose,goose-swan,anseriformes,domestic,sebastopolgoose,
sharpshinnedhawk,Accipiter striatus,raptor,bird-of-prey,accipitriformes,wild,sharpshinnedhawk,
shortbilledgull,Larus brachyrhynchus,gull,shorebird,charadriiformes,wild,shortbilledgull,
shortearedowl,Asio flammeus,owl,bird-of-prey,strigiformes,wild,shortearedowl,
shorttailedshearwater,Ardenna tenuirostris,seabird,shorebird,procellariiformes,wild,shorttailedshearwater,
shorttailedshearwaters,Ardenna tenuirostris,seabird,shorebird,procellariiformes,wild,shorttailedshearwater,
smew,Mergellus albellus,duck,duck,anseriformes,wild,smew,
silkiechicken,Gallus gallus,chicken,ground-bird,galliformes,domestic,silkiechicken,
silverpheasant,Lophura nycthemera,pheasant,ground-bird,galliformes,domestic,silverpheasant,
snowgoose,Anser caerulescens,goose,goose-swan,anseriformes,wild,snowgoose,
snowyegret,Egretta thula,heron,shorebird,pelecaniformes,wild,snowyegret,
snowyowl,Bubo scandiacus,owl,bird-of-prey,strigiformes,wild,snowyowl,
snowyplover,Anarhynchus nivosus,wader,shorebird,charadriiformes,wild,snowyplover,
songsparrow,Melospiza melodia,passerine,songbird-etc,passeriformes,wild,songsparrow,
sparrow,Passer ,passerine,songbird-etc,passeriformes,wild,sparrow,
summertanager,Piranga rubra,passerine,songbird-etc,passeriformes,wild,summertanager,
surfscoter,Melanitta perspicillata,duck,duck,anseriformes,wild,surfscoter,
swainsonshawk,Buteo swainsoni,raptor,bird-of-prey,accipitriformes,wild,swainsonshawk,
swan,Cygnus,swan,goose-swan,anseriformes,wild,swan,
swangoose,Anser cygnoides,goose,goose-swan,anseriformes,unknown,swangoose,
taiwanesechicken,Gallus gallus,chicken,ground-bird,galliformes,domestic,taiwanesechicken,
teal,,duck,duck,anseriformes,wild,teal,
thayersgull,Larus glaucoides thayeri,gull,shorebird,charadriiformes,wild,thayersgull,
treeswallow,Tachycineta bicolor,passerine,songbird-etc,passeriformes,wild,treeswallow,
trumpeterswan,Cygnus buccinator,swan,goose-swan,anseriformes,wild,trumpeterswan,
tundraswan,Cygnus columbianus,swan,goose-swan,anseriformes,wild,tundraswan,
turkey,Meleagris gallopavo,turkey,ground-bird,galliformes,unknown,turkey,
turkeyvulture,Cathartes aura,raptor,bird-of-prey,accipitriformes,wild,turkeyvulture,
tytofurcata,Tyto furcata,owl,bird-of-prey,strigiformes,wild,barnowl,
vulture,,raptor,bird-of-prey,accipitriformes,wild,vulture,
warbler,,passerine,songbird-etc,passeriformes,wild,warbler,
waterfowl,,unknown,other,anseriformes,unknown,waterfowl,
westerngrebe,Aechmophorus occidentalis,grebe,diving-bird,podicipediformes,wild,westerngrebe,
westerngull,Larus occidentalis,gull,shorebird,charadriiformes,wild,westerngull,
westernkingbird,Tyrannus verticalis,passerine,songbird-etc,passeriformes,wild,westernkingbird,
westernsandpiper,Calidris mauri,wader,shorebird,charadriiformes,wild,westernsandpiper,
westernscreechowl,Megascops kennicottii,owl,bird-of-prey,strigiformes,wild,westernscreechowl,
westernsnowyplover,Anarhynchus nivosus,wader,shorebird,charadriiformes,wild,snowyplover,subspecies
whimbrel,Numenius hudsonicus,,shorebird,charadriiformes,unknown,hudsonianwhimbrel,
whistlingswan,Cygnus columbianus,swan,goose-swan,anseriformes,wild,tundraswan,
whitecrownedsparrow,Zonotrichia leucophrys,passerine,songbird-etc,passeriformes,wild,whitecrownedsparrow,
whitefacedibis,Plegadis chihi,wader,shorebird,pelecaniformes,wild,whitefacedibis,
whitewingeddove,Zenaida asiatica,dove,songbird-etc,columbiformes,wild,whitewingeddove,
whitewingedscoter,Melanitta deglandi,duck,duck,anseriformes,wild,whitewingedscoter,
wildbird,,unknown,other,unknown,wild,wildbird,
wildduck,,duck,duck,anseriformes,wild,wildduck,
wildgoose,,goose,goose-swan,anseriformes,wild,wildgoose,
wildhybridduck,,duck,duck,anseriformes,wild,wildduck,
wildturkey,Meleagris gallopavo,turkey,ground-bird,galliformes,wild,wildturkey,
willet,Tringa semipalmata,wader,shorebird,charadriiformes,wild,willet,
woodduck,Chenonetta jubata or Aix sponsa,duck,duck,anseriformes,wild,woodduck,