rep,simple_rate,mle_rate
0,0.3464658580585554,0.574476143534591
1,0.3340716473960314,0.5108209750272954
2,0.3413174936295069,0.5469521936785403
3,0.3357877688723808,0.515342813998831
4,0.3537117042920309,0.7001247912078155
5,0.3455124572383612,0.5738454186519852
6,0.336741169692575,0.5196907000357965
7,0.3466565382225942,0.5960960881322778
8,0.3371225300206527,0.5221858205649553
9,0.3561905464245358,0.7785472997399773
10,0.349135380355099,0.6736783873739169
11,0.3458938175664389,0.6032099163600617
12,0.3485633398629825,0.6316350789373614
13,0.33635980936449733,0.5182644335975337
14,0.33330892673987605,0.5100696186218466
15,0.3188172342729249,0.44432804861782704
16,0.3472285787147107,0.5938762953128037
17,0.32816056231082763,0.4837134427176355
18,0.3498981010112543,0.6391407145554322
19,0.3464658580585554,0.6198377788923255
20,0.32129607640542973,0.45328477397068356
21,0.3407454531373904,0.5330538823781266
22,0.349135380355099,0.6777023960055113
23,0.36191095134570067,0.8382193952511804
24,0.31900791443696375,0.4457866757727847
25,0.3422708944497011,0.5562037064019032
26,0.32816056231082763,0.4872393420142134
27,0.3508515018314485,0.6782129438453728
28,0.3458938175664389,0.5882301619143157
29,0.33388096723199256,0.513367741178324
30,0.3497074208472155,0.6779215348617618
31,0.3607668703614677,0.8271911376763146
32,0.33655048952853617,0.5198309703209744
33,0.3802162470934284,1.2759970815894763
34,0.33369028706795373,0.5084295748249971
35,0.3445590564181671,0.5671899134302075
36,0.3548557852762639,0.7093173206591432
37,0.3331182465758372,0.5040784150252652
38,0.33655048952853617,0.5158974657338663
39,0.3672499959387879,0.9959391880507542
40,0.3556185059324193,0.7191982061838024
41,0.3354064085443032,0.5124262430442963
42,0.376211963648613,1.1856695796358228
43,0.3331182465758372,0.5043053645440858
44,0.36191095134570067,0.8241453438634132
45,0.3359784490364197,0.5193731783594251
46,0.346847218386633,0.5935488485623839
47,0.3500887811752932,0.641592329270896
48,0.3273978416546723,0.47689322607297857
49,0.3426522547777787,0.5631697962940952
50,0.3485633398629825,0.627297051077369
51,0.32644444083447816,0.47243327510044536
52,0.3527583034718368,0.7013265567856815
53,0.3403640928093128,0.5356649343029477
54,0.3573346274087687,0.7820561098488138
55,0.32263083755370153,0.45784194285033497
56,0.3331182465758372,0.5042468162990416
57,0.33464368788814786,0.5112811399829252
58,0.3794535264372731,1.3292710672436105
59,0.3464658580585554,0.5906592800446429
60,0.3188172342729249,0.4450639122050992
61,0.3584787083930017,0.8100446853919528
62,0.3630550323299337,0.9173717856326138
63,0.32282151771774037,0.4622853444894627
64,0.3407454531373904,0.5424872273186486
65,0.3453217770743224,0.5710656679668292
66,0.3436056555979729,0.5587036032991272
67,0.3312114449354489,0.5000465477437779
68,0.3735424413520694,1.1280625123137373
69,0.3434149754339341,0.5594106420256914
70,0.3443683762541282,0.563488017485989
71,0.3405547729733516,0.548698495195673
72,0.33140212509948774,0.5004497268185284
73,0.3497074208472155,0.6436768929321005
74,0.3260630805064005,0.47220483612235226
75,0.334453007724109,0.5108565843354581
76,0.3584787083930017,0.7278628919050713
77,0.3285419226389053,0.4755191589608376
78,0.3434149754339341,0.5623901500015666
79,0.351423542323565,0.6902331302184116
80,0.33788525067680797,0.5266512034842545
81,0.33273688624775954,0.5062899768324948
82,0.3235842383738957,0.4679099199949881
83,0.3722076802037976,1.1128954847423667
84,0.33635980936449733,0.5194313409621525
85,0.3458938175664389,0.5881360786163318
86,0.33941069198911866,0.5284339817503102
87,0.3472285787147107,0.5968688327039424
88,0.34246157461373994,0.5537455377636976
89,0.33254620608372076,0.5039104963903095
90,0.3569532670806911,0.8046142439095698
91,0.3481819795349048,0.579573638094037
92,0.34894470019106016,0.6251189767721637
93,0.33521572838026437,0.511772408693135
94,0.336741169692575,0.5172937791741478
95,0.33388096723199256,0.5070132437347761
96,0.33750389034873035,0.5242778092054716
97,0.3611482306895454,0.8485905284524374
98,0.3464658580585554,0.5878403566662747
99,0.3428429349418176,0.5468902123893042
100,0.35447442494818626,0.7120826440456557
101,0.3342623275600702,0.5113890040556177
102,0.3340716473960314,0.5134241414184525
103,0.33922001182507977,0.522849421732628
104,0.33330892673987605,0.5085849922684426
105,0.32530035985024514,0.46822430963228934
106,0.3420802142856622,0.548634721229313
107,0.33197416559160425,0.5041433774920991
108,0.33102076477141007,0.5021847141270709
109,0.3443683762541282,0.5573099126255976
110,0.3497074208472155,0.6005813924842904
111,0.3462751778945165,0.5782622130215856
112,0.33616912920045855,0.519115384192247
113,0.34246157461373994,0.5508809017937899
114,0.3403640928093128,0.5505987634155916
115,0.33826661100488564,0.5248752617846837
116,0.33922001182507977,0.536680701820149
117,0.3275885218187111,0.48221515778308294
118,0.359241429049157,0.7194499815601259
119,0.349135380355099,0.6701803803348095
120,0.3483726596989437,0.597979995885789
121,0.33083008460737123,0.4981650211535688
122,0.3552371456043416,0.7084987421796968
123,0.3579066679008852,0.8123354840771386
124,0.3371225300206527,0.5223714612426287
125,0.33235552591968187,0.5064752822219838
126,0.3445590564181671,0.5682565614701629
127,0.3472285787147107,0.5937971641488629
128,0.3462751778945165,0.6258324847611133
129,0.3722076802037976,1.033636036972703
130,0.3460844977304777,0.5730838161952361
131,0.33616912920045855,0.5203737574639377
132,0.3474192588787495,0.664961034740474
133,0.37163563971168107,1.0919724520587324
134,0.3481819795349048,0.6211335090651557
135,0.3478006192068272,0.623728862779771
136,0.3371225300206527,0.5213267323147728
137,0.3478006192068272,0.5923770636041357
138,0.33254620608372076,0.5099151066126855
139,0.3451310969102836,0.5704893544862716
140,0.3453217770743224,0.5878494025314606
141,0.33769457051276913,0.5296705575294156
142,0.3451310969102836,0.5693607205369127
143,0.3439870159260506,0.5559390063531813
144,0.3439870159260506,0.5803558603979202
145,0.32587240034236165,0.4735885632476954
146,0.34246157461373994,0.556365088345461
147,0.3180545136167696,0.44327852347419294
148,0.3224401573896627,0.4582664682613572
149,0.323202878045818,0.45799466256415616
150,0.3521862629797203,0.6469361757174404
151,0.32549104001428397,0.4648300928609186
152,0.346847218386633,0.6666245187231751
153,0.3510421819954873,0.6805311515833719
154,0.3405547729733516,0.5397344519070858
155,0.33941069198911866,0.5290656923538007
156,0.3476099390427883,0.6329150381564741
157,0.3632457124939725,0.9473524023795263
158,0.32148675656946857,0.4558265753237406
159,0.3233935582098569,0.4602977439382816
160,0.32129607640542973,0.4520145962777184
161,0.3670593157747491,0.9982902425392127
162,0.3447497365822059,0.5678398786022192
163,0.3802162470934284,1.333843218866407
164,0.3466565382225942,0.608140235283548
165,0.33922001182507977,0.5338734476428294
166,0.3590507488851182,0.7333149825006688
167,0.3409361333014293,0.5403214111766996
168,0.3405547729733516,0.5502021545184138
169,0.3436056555979729,0.5545485192871855
170,0.3334996069039149,0.507577347191026
171,0.33369028706795373,0.5064909783675353
172,0.359241429049157,0.8076534780507086
173,0.34017341264527395,0.5370543480699538
174,0.3334996069039149,0.5068354512219994
175,0.3439870159260506,0.5599317713673763
176,0.3464658580585554,0.5918459556754427
177,0.339029331661041,0.5250517010067419
178,0.347991299370866,0.6108278400888844
179,0.3249189995221675,0.46436201690649487
180,0.3354064085443032,0.5152207225914562
181,0.3312114449354489,0.49950195559052785
182,0.3420802142856622,0.5556564518623635
183,0.35027946133933197,0.625260935496622
184,0.3342623275600702,0.510209524617948
185,0.3510421819954873,0.6919549555807089
186,0.346847218386633,0.5817261411255544
187,0.3691567975791762,1.0561520382608365
188,0.33140212509948774,0.5021272791335392
189,0.3807882875855449,1.316883378820799
190,0.33693184985661384,0.5204142677762367
191,0.33616912920045855,0.516907017821618
192,0.3483726596989437,0.6350914480647918
193,0.33750389034873035,0.530536038721785
194,0.3357877688723808,0.5163372106547092
195,0.351423542323565,0.6933870459668231
196,0.3453217770743224,0.5889700647075854
197,0.33769457051276913,0.5222016148971149
198,0.33521572838026437,0.5108935476219673
199,0.33502504821622553,0.5107422879323811
200,0.351423542323565,0.6919537049636045
201,0.3504701415033708,0.6784214594280438
202,0.33788525067680797,0.5253088880574913
203,0.33559708870834204,0.518063951252761
204,0.34894470019106016,0.6263028443308472
205,0.373923801680147,1.1216836255117337
206,0.34188953412162343,0.5516792414829712
207,0.3420802142856622,0.5550407967114678
208,0.3478006192068272,0.6329301561288357
209,0.33521572838026437,0.5090735800428658
210,0.3464658580585554,0.5933066253902749
211,0.3413174936295069,0.55399412312353
212,0.3420802142856622,0.5361732743006256
213,0.349135380355099,0.6680718759068938
214,0.3357877688723808,0.5116406984052068
215,0.3439870159260506,0.5663229387790781
216,0.3413174936295069,0.5593092949421429
217,0.33006736395121594,0.4828352081521357
218,0.3472285787147107,0.6330936399649404
219,0.322058797061585,0.4572572100233887
220,0.3342623275600702,0.5087258666970307
221,0.3312114449354489,0.4989822704653149
222,0.3758306033205353,1.1952012941317949
223,0.32167743673350735,0.4567021805990762
224,0.33464368788814786,0.5120210924185437
225,0.3329275664117984,0.5057074406772701
226,0.36000414970531236,0.8215842712176753
227,0.3342623275600702,0.5128946204879555
228,0.37907216610919536,1.2560829490268872
229,0.3409361333014293,0.5479118540194766
230,0.3399827324812351,0.5331075021007199
231,0.3521862629797203,0.6912418583560104
232,0.33693184985661384,0.521498651438834
233,0.3359784490364197,0.5160709628404382
234,0.3396013721531575,0.5274110600736561
235,0.36038551003339,0.8234376541368179
236,0.3497074208472155,0.6721673270274122
237,0.3481819795349048,0.6273615999599353
238,0.33102076477141007,0.4944019588177633
239,0.334453007724109,0.5086387411520207
240,0.33502504821622553,0.515650970354668
241,0.3449404167462447,0.5787872556388244
242,0.3342623275600702,0.5094873025984905
243,0.36267367200185596,0.8798646396784376
244,0.323202878045818,0.46039148088548437
245,0.3453217770743224,0.5690496274241464
246,0.34112681346546814,0.5360871710513634
247,0.3342623275600702,0.5130069691922342
248,0.34322429526989523,0.5482315683219972
249,0.3563812265885746,0.7298846323927755
250,0.346847218386633,0.591571043673358
251,0.3428429349418176,0.5539387012905711
252,0.34246157461373994,0.5424396797697051
253,0.3460844977304777,0.5884225286515092
254,0.334453007724109,0.5112794047694152
255,0.3519955828156815,0.693467313055407
256,0.32415627886601217,0.46310389668676083
257,0.3470378985506719,0.594162777561991
258,0.3542837447841474,0.7009117140643764
259,0.3531396637999144,0.6995670294739293
260,0.33273688624775954,0.5055442278095267
261,0.3416988539575846,0.549432140368012
262,0.3354064085443032,0.5174874366570367
263,0.3685847570870597,1.0126763252174031
264,0.336741169692575,0.5178977558719201
265,0.3485633398629825,0.6029633174609199
266,0.31900791443696375,0.44608585406221996
267,0.351423542323565,0.6095936330427941
268,0.3233935582098569,0.46074474367925444
269,0.33273688624775954,0.5057416615717989
270,0.3426522547777787,0.5586123371339704
271,0.3357877688723808,0.5142856240000088
272,0.3577159877368464,0.786329269689549
273,0.37049155872744804,1.0258087578565982
274,0.33063940444333245,0.49974432001924707
275,0.3802162470934284,1.3053024716114818
276,0.33635980936449733,0.5188887491028031
277,0.33521572838026437,0.5153707107634916
278,0.3680127165949433,1.0037582244820906
279,0.3329275664117984,0.507367965730808
280,0.3487540200270213,0.6710862304770132
281,0.3506608216674097,0.6054352505396805
282,0.36267367200185596,0.9185498547811385
283,0.3211053962413909,0.452851236647582
284,0.33616912920045855,0.5176399650823557
285,0.334453007724109,0.5112225650356162
286,0.3380759308408468,0.5249979069359488
287,0.3567625869166522,0.7378710921279037
288,0.33502504821622553,0.5160125708673541
289,0.33330892673987605,0.5066613647823653
290,0.3478006192068272,0.6208855328275161
291,0.3498981010112543,0.6314364861992692
292,0.3348343680521867,0.5105857056198241
293,0.3298766837871771,0.495774411800793
294,0.3506608216674097,0.687629580549856
295,0.3348343680521867,0.5115890810564554
296,0.3563812265885746,0.7271924062800311
297,0.3380759308408468,0.5242135833627527
298,0.3487540200270213,0.6733127838582976
299,0.3445590564181671,0.5675931289461771
300,0.3483726596989437,0.6721126749995869
301,0.35580918609645806,0.7286966507007816
302,0.3180545136167696,0.4458115863558601
303,0.33502504821622553,0.5107851923253551
304,0.3504701415033708,0.6785348149837591
305,0.3478006192068272,0.5962819735410094
306,0.3470378985506719,0.57499258851102
307,0.33330892673987605,0.5050475357984602
308,0.3348343680521867,0.5098327736723897
309,0.3577159877368464,0.8146518178413796
310,0.3262537606704393,0.47940304551234
311,0.33388096723199256,0.5129758912543048
312,0.3396013721531575,0.5344723108263917
313,0.3607668703614677,0.8048995006034259
314,0.3487540200270213,0.6332342845637443
315,0.3396013721531575,0.5289498821396917
316,0.336741169692575,0.5181120106962674
317,0.31843587394484724,0.4435806497610207
318,0.33769457051276913,0.5240804362345892
319,0.33693184985661384,0.519150867086991
320,0.349135380355099,0.6013127406432967
321,0.3466565382225942,0.5799207257401597
322,0.349135380355099,0.6252972883638158
323,0.3422708944497011,0.5495794341106669
324,0.3607668703614677,0.8906312878092432
325,0.36629659511859375,0.9922429844693873
326,0.33922001182507977,0.5342508829964303
327,0.3354064085443032,0.5136041291819591
328,0.3235842383738957,0.45897333797210993
329,0.3516142224876038,0.6943461828965793
330,0.3371225300206527,0.5173968604110232
331,0.3458938175664389,0.5887410359099747
332,0.3348343680521867,0.5146882180131472
333,0.3315928052635266,0.5039704368263396
334,0.36000414970531236,0.7889853298902239
335,0.3464658580585554,0.6212205826861005
336,0.3230121978817792,0.4574889818595584
337,0.32949532345909943,0.4978175458533802
338,0.3224401573896627,0.4596423629415287
339,0.33330892673987605,0.5073076915124407
340,0.3340716473960314,0.5107669335570933
341,0.33464368788814786,0.5112647900714307
342,0.33883865149700215,0.5271115558650432
343,0.33330892673987605,0.5060109684251246
344,0.3535210241279921,0.7027643017087993
345,0.3380759308408468,0.5276427064266846
346,0.3546651051122251,0.7033148664356864
347,0.33826661100488564,0.5240018074675186
348,0.32949532345909943,0.48326201322743034
349,0.3624829918378172,0.9134672870458127
350,0.3449404167462447,0.5848924900921042
351,0.33635980936449733,0.5167017542903604
352,0.3464658580585554,0.5888132135353012
353,0.31957995492908026,0.4470529211192949
354,0.3399827324812351,0.54220618170991
355,0.33502504821622553,0.5112118071915057
356,0.3451310969102836,0.5848671783284703
357,0.3371225300206527,0.5226589225507791
358,0.3430336151058564,0.5591417912663443
359,0.3357877688723808,0.5197608613173229
360,0.3775467247968848,1.199536602889579
361,0.33330892673987605,0.5062381356206007
362,0.3342623275600702,0.510498780540798
363,0.33922001182507977,0.5272114551096322
364,0.347991299370866,0.5786330809456034
365,0.3533303439639533,0.6939907163808234
366,0.3285419226389053,0.4854296674625851
367,0.336741169692575,0.5192262462124136
368,0.3426522547777787,0.5507227806105712
369,0.32129607640542973,0.4541950113628261
370,0.3439870159260506,0.5616579041924114
371,0.334453007724109,0.5105990057757573
372,0.32510967968620635,0.46562386492325203
373,0.33273688624775954,0.5056872741067447
374,0.3523769431437591,0.693316205564968
375,0.3462751778945165,0.5917043033375409
376,0.33216484575564303,0.5029917450586943
377,0.3405547729733516,0.5465373938439442
378,0.33388096723199256,0.51000946351119
379,0.33655048952853617,0.5199218206381919
380,0.3466565382225942,0.5794656795152321
381,0.3291139631310218,0.4823159430151
382,0.35447442494818626,0.7173417187763941
383,0.33254620608372076,0.5029840789284178
384,0.3472285787147107,0.6071826986797694
385,0.33693184985661384,0.5257415498833932
386,0.32015199542119677,0.44988613255365
387,0.33941069198911866,0.5347437995645974
388,0.3582880282289629,0.7788023612140521
389,0.33330892673987605,0.5077780713341936
390,0.336741169692575,0.5210012601678773
391,0.3359784490364197,0.5147439639278312
392,0.347991299370866,0.5928505508850165
393,0.3348343680521867,0.5128798290448198
394,0.3680127165949433,0.988676843361193
395,0.33941069198911866,0.5255837148415796
396,0.37049155872744804,1.0259386683014908
397,0.3275885218187111,0.4792322492879826
398,0.3449404167462447,0.5714182547658524
399,0.33369028706795373,0.508600235404942
400,0.33826661100488564,0.5276148792247949
401,0.3249189995221675,0.46522700537693146
402,0.33464368788814786,0.510829440071083
403,0.3413174936295069,0.5402736878268842
404,0.33826661100488564,0.5362064132513054
405,0.3706822388914869,1.0839326803859415
406,0.32682580116255583,0.4776190952771013
407,0.3481819795349048,0.6275821151147554
408,0.3577159877368464,0.7799888014997901
409,0.36038551003339,0.8178817372304009
410,0.3331182465758372,0.508926584015831
411,0.3340716473960314,0.5083710734153334
412,0.349135380355099,0.6152002884373965
413,0.33750389034873035,0.522102186634451
414,0.3554278257683804,0.7215689736446828
415,0.34379633576201174,0.5603452975995126
416,0.3396013721531575,0.5424327615269405
417,0.33254620608372076,0.4959752455943375
418,0.3478006192068272,0.6215632490076667
419,0.3434149754339341,0.5792616903614134
420,0.3224401573896627,0.4593208985243087
421,0.3207240359133132,0.4518652881686073
422,0.3416988539575846,0.5561081930732835
423,0.33769457051276913,0.5269390748512273
424,0.347991299370866,0.6254752177880502
425,0.33559708870834204,0.5149333300442138
426,0.35580918609645806,0.7193648100320679
427,0.3359784490364197,0.5142671671795777
428,0.32835124247486647,0.48133430305892383
429,0.33883865149700215,0.5269404739329852
430,0.3371225300206527,0.5219601104143959
431,0.33883865149700215,0.53516111789511
432,0.3249189995221675,0.4735399735099401
433,0.37163563971168107,1.099330344039939
434,0.334453007724109,0.5111049756997474
435,0.3472285787147107,0.5905817144407842
436,0.37830944545304007,1.1983424728130678
437,0.3428429349418176,0.5576034671597767
438,0.3304487242792936,0.4975066770906668
439,0.3359784490364197,0.5181573250535119
440,0.34246157461373994,0.54114172411964
441,0.3357877688723808,0.5178985069922424
442,0.32396559870197333,0.4638557163429102
443,0.36877543725109857,1.0032354256786515
444,0.3470378985506719,0.6237700317536591
445,0.3586693885570405,0.8000635641256209
446,0.31862655410888613,0.44462134244684887
447,0.35027946133933197,0.675564463297661
448,0.33369028706795373,0.5076609833688257
449,0.3354064085443032,0.5125129592042558
450,0.3428429349418176,0.5435117948871298
451,0.3315928052635266,0.49164663099060435
452,0.33559708870834204,0.5132220274905283
453,0.3407454531373904,0.5436123127443853
454,0.3483726596989437,0.6282640172943843
455,0.3386479713329633,0.5320337367648132
456,0.33883865149700215,0.5276250792793195
457,0.34379633576201174,0.5487056681575984
458,0.32015199542119677,0.4521884047109575
459,0.33693184985661384,0.5194164634268281
460,0.361529591017623,0.8244967292485633
461,0.361529591017623,0.8031168367742259
462,0.3804069272574673,1.306210222381109
463,0.3373132101846915,0.521093767318452
464,0.3504701415033708,0.6775270843657349
465,0.32510967968620635,0.470075795473982
466,0.32777920198274996,0.47847176132798214
467,0.3193892747650414,0.44922462279346975
468,0.3197706350931191,0.4502438151711677
469,0.3434149754339341,0.5634778823113789
470,0.3396013721531575,0.5299089058245612
471,0.3495167406831767,0.6324796967232661
472,0.33235552591968187,0.5060471810240487
473,0.3409361333014293,0.5449252211054798
474,0.3371225300206527,0.5216963359580202
475,0.3298766837871771,0.4885825049645312
476,0.3535210241279921,0.7096816207762432
477,0.3611482306895454,0.9041762948299981
478,0.3447497365822059,0.5516452495763551
479,0.3478006192068272,0.591428977061758
480,0.3373132101846915,0.5246190011153875
481,0.3237749185379345,0.45884867302801474
482,0.33083008460737123,0.49799387830358877
483,0.3235842383738957,0.4636703024824118
484,0.3498981010112543,0.6759017789340613
485,0.3458938175664389,0.6032752848639814
486,0.32720716149063345,0.4828967306490119
487,0.324346959030051,0.4622662951791226
488,0.33502504821622553,0.5141879768060335
489,0.33826661100488564,0.5247860704040732
490,0.38002556692938955,1.3233845800616386
491,0.3436056555979729,0.551793209872211
492,0.3621016315097395,0.9101677290527825
493,0.3470378985506719,0.595464453957071
494,0.33502504821622553,0.5155266556439085
495,0.35504646544030277,0.7144159954465387
496,0.33559708870834204,0.5145530796545088
497,0.3371225300206527,0.5293815513805432
498,0.34112681346546814,0.5516649863831172
499,0.33502504821622553,0.5159742284268312
500,0.3207240359133132,0.4497638476622386
501,0.33788525067680797,0.523698129264176
502,0.3596227893772347,0.8157284043095102
503,0.32396559870197333,0.462102451528226
504,0.33388096723199256,0.5115750727480303
505,0.3449404167462447,0.568724782185112
506,0.3540930646201086,0.7000018693106801
507,0.3340716473960314,0.509325250994087
508,0.3342623275600702,0.5098064685762312
509,0.3359784490364197,0.5193585365342179
510,0.33273688624775954,0.5048558859589944
511,0.3691567975791762,1.0212223328807024
512,0.3483726596989437,0.5955281287309229
513,0.334453007724109,0.509587293032637
514,0.33388096723199256,0.5061384295462721
515,0.37106359921956455,1.0914878186603556
516,0.3565719067526134,0.7260895839911341
517,0.33922001182507977,0.5288508890225002
518,0.3262537606704393,0.483141358161145
519,0.3474192588787495,0.5943325948383483
520,0.3483726596989437,0.624045930934128
521,0.3230121978817792,0.4626502207305571
522,0.3485633398629825,0.5985984544822228
523,0.3462751778945165,0.5884604824947658
524,0.3329275664117984,0.5040568373765993
525,0.35027946133933197,0.6405985260901548
526,0.3407454531373904,0.5393745112009556
527,0.3405547729733516,0.5510148524025501
528,0.3329275664117984,0.5044489114592212
529,0.339029331661041,0.5339117863017205
530,0.33616912920045855,0.5193735295097505
531,0.34246157461373994,0.5583099955670968
532,0.3483726596989437,0.5973581193608855
533,0.32282151771774037,0.45849462633433413
534,0.34322429526989523,0.5803223254599742
535,0.3584787083930017,0.7203193754575263
536,0.3416988539575846,0.5469023385791102
537,0.3464658580585554,0.6248963083661625
538,0.3567625869166522,0.7629479715069006
539,0.32835124247486647,0.4815077123778168
540,0.3416988539575846,0.553564407654702
541,0.33388096723199256,0.5122524500591026
542,0.36267367200185596,0.9745185090193514
543,0.3472285787147107,0.6341167721559178
544,0.3512328621595261,0.6050576063593994
545,0.3430336151058564,0.5619928399601571
546,0.3485633398629825,0.6284210864418234
547,0.33083008460737123,0.4985686259045745
548,0.3474192588787495,0.5730415675370157
549,0.3169104326325366,0.4423193359969249
550,0.3464658580585554,0.5919583749058513
551,0.3334996069039149,0.5101177128640038
552,0.3535210241279921,0.6916028178452862
553,0.34379633576201174,0.5805061632810763
554,0.3498981010112543,0.6055067460442322
555,0.33388096723199256,0.5075201884770284
556,0.32530035985024514,0.47059719039499637
557,0.3525676233077979,0.6926022456164819
558,0.3230121978817792,0.46019724784564053
559,0.3413174936295069,0.5474640068734361
560,0.34379633576201174,0.5829651771690105
561,0.33635980936449733,0.5187952801711401
562,0.3714449595476422,1.0305673789050127
563,0.32720716149063345,0.48094910194363283
564,0.34932606051913784,0.6743651092750547
565,0.3436056555979729,0.5629350515607877
566,0.347991299370866,0.5716915509408858
567,0.334453007724109,0.51323881720901
568,0.3575253075728076,0.8034701960533381
569,0.33464368788814786,0.5113504517864043
570,0.3478006192068272,0.607915943355801
571,0.31538499132022596,0.4386993776078349
572,0.3405547729733516,0.5390453675265375
573,0.34246157461373994,0.5567152974678585
574,0.3462751778945165,0.6069598412268723
575,0.3207240359133132,0.4517979701255061
576,0.3453217770743224,0.5599848025943326
577,0.3413174936295069,0.5488974331737593
578,0.33826661100488564,0.5242767473034132
579,0.33788525067680797,0.5238424951565496
580,0.31767315328869195,0.4448073913228258
581,0.32549104001428397,0.4654896347566336
582,0.376211963648613,1.2040872456599487
583,0.36267367200185596,0.8368177504880315
584,0.33235552591968187,0.500802356860987
585,0.3457031374024001,0.5879691485367324
586,0.347991299370866,0.5983193959021726
587,0.3416988539575846,0.5487776812419011
588,0.34112681346546814,0.5536080919218922
589,0.3495167406831767,0.6356279083214921
590,0.3348343680521867,0.5113827568491068
591,0.33521572838026437,0.5158931515082257
592,0.3348343680521867,0.5116311145239695
593,0.3476099390427883,0.579547762996631
594,0.3354064085443032,0.5131976666476891
595,0.3413174936295069,0.5520823150720426
596,0.33788525067680797,0.5241351968812562
597,0.3342623275600702,0.508036724935405
598,0.33750389034873035,0.5224546993683415
599,0.3407454531373904,0.5310393308442004
600,0.3487540200270213,0.5896340768151382
601,0.3357877688723808,0.5181926206421703
602,0.3407454531373904,0.5461928204275769
603,0.3354064085443032,0.5132631813133123
604,0.3554278257683804,0.7168642655047157
605,0.3457031374024001,0.5866862473676328
606,0.3481819795349048,0.6005388640901068
607,0.339029331661041,0.5324548235598595
608,0.34894470019106016,0.6373506239840043
609,0.3413174936295069,0.546494620712198
610,0.3373132101846915,0.5278984973053448
611,0.3563812265885746,0.720477976510681
612,0.32282151771774037,0.4571784533075376
613,0.351423542323565,0.6897794177067506
614,0.37297040085995287,1.1184527987925765
615,0.3609575505255065,0.8187252495939039
616,0.3697288380712927,1.0703226637788625
617,0.3498981010112543,0.6743362355220525
618,0.3233935582098569,0.4580090802321103
619,0.3342623275600702,0.5087344726629353
620,0.3466565382225942,0.5931668688668983
621,0.34017341264527395,0.5283365248833529
622,0.3472285787147107,0.5797920477223226
623,0.34932606051913784,0.6298077970197987
624,0.37087291905552566,1.0921692419595075
625,0.33616912920045855,0.5168011292796054
626,0.3397920523171963,0.5297986613896604
627,0.33883865149700215,0.5322003171768291
628,0.3575253075728076,0.7855226335742814
629,0.32835124247486647,0.4781137380289541
630,0.3460844977304777,0.5721549891412173
631,0.3527583034718368,0.6837639616886055
632,0.3317834854275654,0.5010028957020353
633,0.3478006192068272,0.6180529690037779
634,0.32663512099851694,0.4732078097380312
635,0.3464658580585554,0.5914058836972432
636,0.3453217770743224,0.5734912220540361
637,0.33655048952853617,0.5184071038323844
638,0.3348343680521867,0.5126027973092712
639,0.33502504821622553,0.5138206402628014
640,0.33464368788814786,0.5150830199902972
641,0.3169104326325366,0.44103697777374795
642,0.33388096723199256,0.5072304964181269
643,0.3359784490364197,0.5164556535198908
644,0.3481819795349048,0.5843441248814804
645,0.339029331661041,0.5267389859339496
646,0.33883865149700215,0.5259849877370478
647,0.3405547729733516,0.5514406150073378
648,0.33235552591968187,0.502656528095881
649,0.3487540200270213,0.6299580504292429
650,0.3273978416546723,0.48068496431051866
651,0.37506788266437996,1.0875962800923926
652,0.33655048952853617,0.5202338238069371
653,0.3409361333014293,0.5359159507960555
654,0.33635980936449733,0.5178229021533653
655,0.35580918609645806,0.7051088425701338
656,0.3340716473960314,0.5084853470340679
657,0.3174824731246531,0.44235198186325336
658,0.33941069198911866,0.5297759890533665
659,0.34322429526989523,0.561600274771618
660,0.3399827324812351,0.5354373231264616
661,0.3331182465758372,0.5058032603295615
662,0.32263083755370153,0.45632991324981476
663,0.33521572838026437,0.5146269673096343
664,0.36877543725109857,1.0087967128232949
665,0.3458938175664389,0.5897742973925673
666,0.316529072304459,0.4387027030916716
667,0.3317834854275654,0.49898243063175995
668,0.3409361333014293,0.544670268815505
669,0.32034267558523555,0.45151055182643945
670,0.3478006192068272,0.6662769732067866
671,0.347991299370866,0.5944543095823095
672,0.3329275664117984,0.5040224073998906
673,0.3409361333014293,0.5344174958982055
674,0.32720716149063345,0.4764592596082337
675,0.3413174936295069,0.5506469801683472
676,0.3340716473960314,0.5093659529248141
677,0.34188953412162343,0.5553163117775785
678,0.3396013721531575,0.5295406892420741
679,0.3542837447841474,0.7027720802410193
680,0.346847218386633,0.5914735652083535
681,0.33616912920045855,0.5240569950480128
682,0.34017341264527395,0.5325995729335389
683,0.3357877688723808,0.5180307423543739
684,0.3445590564181671,0.5626536684775719
685,0.3457031374024001,0.587938921096572
686,0.3416988539575846,0.5491263350814947
687,0.32682580116255583,0.4780640786139875
688,0.35027946133933197,0.6740478829057496
689,0.33330892673987605,0.5075181076236487
690,0.3476099390427883,0.6691772197430369
691,0.3685847570870597,1.0027459680009967
692,0.3312114449354489,0.4967703816926519
693,0.3407454531373904,0.5462222533809724
694,0.3462751778945165,0.5904552450062743
695,0.3312114449354489,0.4989689897085244
696,0.36400843315012776,0.9488360791362928
697,0.33941069198911866,0.5358010756508633
698,0.3304487242792936,0.4885356335850744
699,0.34246157461373994,0.5617086156087994
700,0.3151943111561872,0.4371642527924246
701,0.3342623275600702,0.5132122606442774
702,0.33273688624775954,0.5069139635280129
703,0.32148675656946857,0.4546402514497731
704,0.3483726596989437,0.6348596314081488
705,0.33635980936449733,0.5212861083724926
706,0.37506788266437996,1.1635463482018975
707,0.358097348064924,0.7842180093416878
708,0.33330892673987605,0.5065375091799191
709,0.3342623275600702,0.5101923798914931
710,0.3396013721531575,0.5357877545905216
711,0.3582880282289629,0.8015757364402168
712,0.34017341264527395,0.5328402489410021
713,0.3386479713329633,0.5273762317937656
714,0.35943210921319585,0.8191475929826882
715,0.3498981010112543,0.6741976465996037
716,0.3409361333014293,0.5564361094748665
717,0.3527583034718368,0.6410883176243644
718,0.3474192588787495,0.6241360576310439
719,0.336741169692575,0.5190405753362157
720,0.3643897934782055,0.8412326190647968
721,0.3447497365822059,0.5605874750297877
722,0.3478006192068272,0.5998429686498126
723,0.34379633576201174,0.5497147730841939
724,0.3466565382225942,0.5921604507237044
725,0.35504646544030277,0.770286577099899
726,0.322058797061585,0.4553418355767386
727,0.3546651051122251,0.701894119745379
728,0.3483726596989437,0.6233947934220516
729,0.3758306033205353,1.1769076434755872
730,0.3457031374024001,0.5875107017314424
731,0.33883865149700215,0.5243987742620501
732,0.3235842383738957,0.46084149688927506
733,0.334453007724109,0.5123969218459232
734,0.3645804736422443,0.924004613341385
735,0.3329275664117984,0.5103018689826847
736,0.3434149754339341,0.5588049502578895
737,0.3315928052635266,0.5002749106211457
738,0.3275885218187111,0.4776762472324069
739,0.32968600362313827,0.4958728568342335
740,0.3445590564181671,0.5697273370158314
741,0.3495167406831767,0.637718132500327
742,0.3472285787147107,0.6182738312257862
743,0.3451310969102836,0.612786268631062
744,0.3748772025003412,1.1678398556562186
745,0.3451310969102836,0.6125892059396449
746,0.3426522547777787,0.5548997422582526
747,0.3262537606704393,0.4710425225156256
748,0.3342623275600702,0.510206067171512
749,0.3373132101846915,0.5221041299238045
750,0.3552371456043416,0.7193796595614963
751,0.3466565382225942,0.5890105449466347
752,0.33635980936449733,0.5205936703200643
753,0.358097348064924,0.7962881076832058
754,0.3508515018314485,0.6811869553284575
755,0.3540930646201086,0.7019862402196129
756,0.3275885218187111,0.47989699971330646
757,0.3466565382225942,0.5783560780287103
758,0.3373132101846915,0.5222824602610945
759,0.3413174936295069,0.538532647398308
760,0.3396013721531575,0.5487684663309998
761,0.33502504821622553,0.5124171960756032
762,0.3359784490364197,0.5147647289719863
763,0.33559708870834204,0.5160422330739192
764,0.36496183397032195,0.9599808446284909
765,0.3441776960900894,0.5645214386142887
766,0.3359784490364197,0.5159490358868419
767,0.34932606051913784,0.6742639579568563
768,0.32091471607735206,0.4498324315847125
769,0.32034267558523555,0.44910332300218003
770,0.3500887811752932,0.672848816327176
771,0.3565719067526134,0.7807665347024573
772,0.36877543725109857,1.0258217137080794
773,0.3455124572383612,0.6297624555618285
774,0.33273688624775954,0.5031211543124396
775,0.3670593157747491,0.9857521766026137
776,0.33788525067680797,0.5229728547946265
777,0.349135380355099,0.6401092303118121
778,0.3504701415033708,0.679829596340812
779,0.3487540200270213,0.6293606211502821
780,0.3331182465758372,0.5048848441499783
781,0.33369028706795373,0.5064909783675353
782,0.41301323530810724,1.6536904438969882
783,0.3451310969102836,0.5678186339173018
784,0.3211053962413909,0.4536715937260195
785,0.33769457051276913,0.5225200470441064
786,0.3354064085443032,0.513512767422302
787,0.359241429049157,0.7893534278191844
788,0.32224947722562386,0.456056143902228
789,0.32224947722562386,0.45702943058390144
790,0.33559708870834204,0.5162228665814718
791,0.32968600362313827,0.4898522373217964
792,0.3439870159260506,0.5612553629875341
793,0.3430336151058564,0.5467605480104519
794,0.3703008785634092,1.0217692760019774
795,0.3512328621595261,0.6389819037174145
796,0.3495167406831767,0.674788558045342
797,0.33635980936449733,0.5188131478201379
798,0.3741144818441858,1.168412229586483
799,0.33655048952853617,0.5188590659108503
800,0.3628643521658948,0.8169460232700804
801,0.33369028706795373,0.5071949132347621
802,0.3357877688723808,0.5184065488882484
803,0.339029331661041,0.5345155046273647
804,0.3302580441152548,0.49440748701314935
805,0.3481819795349048,0.6209883004206861
806,0.34017341264527395,0.5432400354602563
807,0.36000414970531236,0.8212898950859926
808,0.3434149754339341,0.5653608519182796
809,0.34112681346546814,0.5458080837102147
810,0.3497074208472155,0.6864363860236242
811,0.339029331661041,0.5250788468080709
812,0.3464658580585554,0.6311054143162178
813,0.33693184985661384,0.520903902233289
814,0.3495167406831767,0.6377473003555463
815,0.3348343680521867,0.5119216545111793
816,0.34017341264527395,0.531162804977372
817,0.33254620608372076,0.5039862919739057
818,0.3741144818441858,1.1214642858324995
819,0.3329275664117984,0.5032896206573247
820,0.3457031374024001,0.5929870892548078
821,0.3561905464245358,0.7287012945590059
822,0.3396013721531575,0.5374959796143235
823,0.34379633576201174,0.5599660001844803
824,0.33826661100488564,0.5225097339754269
825,0.37087291905552566,1.0377307484114309
826,0.3174824731246531,0.4419403567313165
827,0.3470378985506719,0.5921803999718263
828,0.32396559870197333,0.4589767796964672
829,0.3685847570870597,0.996571449231335
830,0.3434149754339341,0.5615654105165376
831,0.33769457051276913,0.5235565908289654
832,0.3428429349418176,0.5458094806353314
833,0.3472285787147107,0.6197418315066751
834,0.3397920523171963,0.5316055627858987
835,0.349135380355099,0.6698210913283547
836,0.3703008785634092,1.0922708297582193
837,0.3399827324812351,0.5304847426109965
838,0.3540930646201086,0.6930866411213483
839,0.3439870159260506,0.5498604920831074
840,0.3342623275600702,0.5096555885236513
841,0.3458938175664389,0.5903118948291903
842,0.3348343680521867,0.5164849810567712
843,0.3331182465758372,0.5054446888109668
844,0.3451310969102836,0.5850560890282402
845,0.3354064085443032,0.5102783577565094
846,0.33502504821622553,0.510028131041685
847,0.3561905464245358,0.7263154913651677
848,0.3470378985506719,0.5962544995099767
849,0.347991299370866,0.6115598433258048
850,0.3443683762541282,0.5565607283257645
851,0.32568172017832286,0.46698223003902817
852,0.33369028706795373,0.5071916997339039
853,0.33655048952853617,0.5142244738167243
854,0.3260630805064005,0.46957907229389356
855,0.3508515018314485,0.6102865643040096
856,0.3531396637999144,0.6110434273746175
857,0.34932606051913784,0.5972507494796476
858,0.3472285787147107,0.5971692687310522
859,0.334453007724109,0.5107306076450535
860,0.35027946133933197,0.6774805326443272
861,0.33388096723199256,0.5106552498468508
862,0.33769457051276913,0.5211034219402151
863,0.37602128348457414,1.195186303496859
864,0.33655048952853617,0.5176979090429314
865,0.3434149754339341,0.5634966839302811
866,0.3371225300206527,0.5209587748899727
867,0.336741169692575,0.5204656717799337
868,0.33369028706795373,0.5073804558366249
869,0.3275885218187111,0.48353947080169746
870,0.3447497365822059,0.5677247676604263
871,0.3416988539575846,0.5546458775234153
872,0.33635980936449733,0.5210790385853471
873,0.34894470019106016,0.671549645696126
874,0.3645804736422443,0.9608457517147536
875,0.339029331661041,0.5298307734121448
876,0.3348343680521867,0.5116389761344142
877,0.3348343680521867,0.5114871889071603
878,0.3746865223363023,1.1865820517277301
879,0.3384572911689245,0.5249944878318781
880,0.36953815790725386,1.0047513946148672
881,0.3474192588787495,0.5945494424352913
882,0.3247283193581287,0.46442542110416474
883,0.3478006192068272,0.5710226297267842
884,0.32777920198274996,0.48898393045626887
885,0.3399827324812351,0.5329351984829094
886,0.3498981010112543,0.602445934169256
887,0.3205333557492744,0.45016373798936143
888,0.3441776960900894,0.5675250573659902
889,0.3436056555979729,0.580876884604114
890,0.3415081737935458,0.5455707515105866
891,0.336741169692575,0.5193004779494784
892,0.3485633398629825,0.639365467679556
893,0.33750389034873035,0.5225280888210472
894,0.3371225300206527,0.5217107195217459
895,0.33369028706795373,0.508064483777113
896,0.3230121978817792,0.4595248652498563
897,0.3542837447841474,0.6517510704637103
898,0.3525676233077979,0.6968909770228999
899,0.3714449595476422,1.1086676861669693
900,0.3348343680521867,0.5138173425766542
901,0.3403640928093128,0.5286408319676221
902,0.349135380355099,0.6251746165098478
903,0.35504646544030277,0.6972319486532677
904,0.33750389034873035,0.5228320882547053
905,0.3483726596989437,0.6355066916052096
906,0.3775467247968848,1.2430401206643538
907,0.3415081737935458,0.5534271157356538
908,0.33369028706795373,0.508061520068426
909,0.3460844977304777,0.5929016939759142
910,0.3464658580585554,0.5913084504693192
911,0.3519955828156815,0.6898837769369875
912,0.3518049026516426,0.6945057055097575
913,0.3415081737935458,0.5466796933781516
914,0.3481819795349048,0.6219794483945621
915,0.33369028706795373,0.5078893555020143
916,0.3304487242792936,0.4977273749021905
917,0.3403640928093128,0.545308297684614
918,0.3628643521658948,0.8769002713339954
919,0.3354064085443032,0.5153409336849223
920,0.32282151771774037,0.4581856710276591
921,0.33750389034873035,0.5227076022694954
922,0.3487540200270213,0.6372664889702
923,0.3413174936295069,0.5507294964177964
924,0.3458938175664389,0.6182848579329525
925,0.31671975246849776,0.4391188317276977
926,0.3575253075728076,0.7792855733754814
927,0.33521572838026437,0.5155843952320275
928,0.3434149754339341,0.5621091999309467
929,0.346847218386633,0.6176434484420156
930,0.35714394724472986,0.7798883651943058
931,0.3230121978817792,0.45970619655074524
932,0.32816056231082763,0.4794802517422479
933,0.3601948298693512,0.7368843591081867
934,0.3527583034718368,0.6927216284000947
935,0.3205333557492744,0.4509876072227385
936,0.347991299370866,0.6702862570381173
937,0.3531396637999144,0.7001416383929
938,0.3542837447841474,0.7124375621239308
939,0.33273688624775954,0.5051705430077388
940,0.33521572838026437,0.5155001513127344
941,0.33693184985661384,0.5204979633128752
942,0.351423542323565,0.6856812919585015
943,0.33655048952853617,0.5175722914778965
944,0.33197416559160425,0.5013138942530345
945,0.33655048952853617,0.5191296387880726
946,0.3178638334527308,0.4436745358900136
947,0.3426522547777787,0.544537793700848
948,0.3317834854275654,0.5051875060488205
949,0.33254620608372076,0.5040234790719559
950,0.3205333557492744,0.4508363981403826
951,0.3329275664117984,0.508189638795694
952,0.3434149754339341,0.5579345573193568
953,0.3436056555979729,0.551467103980126
954,0.3470378985506719,0.593522512080388
955,0.3531396637999144,0.6986797772401214
956,0.3485633398629825,0.6374074240294539
957,0.3485633398629825,0.600701655161815
958,0.363817752986089,0.8645920343915534
959,0.33140212509948774,0.49952543698513485
960,0.3430336151058564,0.5536706539912507
961,0.3451310969102836,0.5899459166296053
962,0.34322429526989523,0.5628659977869882
963,0.3218681168975462,0.45653332292360366
964,0.37907216610919536,1.2560811750911336
965,0.3478006192068272,0.5924652322538814
966,0.351423542323565,0.6824504427378881
967,0.3521862629797203,0.6947829208098906
968,0.3224401573896627,0.4598166644944372
969,0.32587240034236165,0.47106420160484946
970,0.32663512099851694,0.4768459120341774
971,0.3512328621595261,0.6810317359126103
972,0.3426522547777787,0.5493695215391574
973,0.3478006192068272,0.5774768794994982
974,0.3380759308408468,0.5223391370992566
975,0.33883865149700215,0.52540308975116
976,0.3748772025003412,1.1665026077364278
977,0.3521862629797203,0.6931135397530985
978,0.33655048952853617,0.5198346527323194
979,0.3342623275600702,0.5117761402510215
980,0.38212304873381675,1.305980031101816
981,0.3470378985506719,0.5925344583375317
982,0.3399827324812351,0.5301223945852126
983,0.3359784490364197,0.5176092448583044
984,0.3460844977304777,0.5704856290559649
985,0.32835124247486647,0.4880740873934233
986,0.35027946133933197,0.6763721246684167
987,0.3453217770743224,0.5760745372568767
988,0.32835124247486647,0.48223254449624503
989,0.3699195182353316,1.0094828440517907
990,0.4126318749800296,1.7027027135620694
991,0.346847218386633,0.594325917542675
992,0.3476099390427883,0.6332089817644266
993,0.34894470019106016,0.629157207195304
994,0.33826661100488564,0.5246345300251375
995,0.33273688624775954,0.5030487395891268
996,0.3453217770743224,0.5747673939653697
997,0.33826661100488564,0.5254476990570964
998,0.36267367200185596,0.909250586663722
999,0.33559708870834204,0.516304533688864
